,storing_materiaal,storing_diameter,storing_melddatum,storing_aanlegjaar,age_at_failure,Diameter_group,Construction_year_group,Group_id,Group_failurerate,Diameter_group_failurerate
220,MAT_AC,100.0,2010-04-09 00:00:00,1971-01-01,39.0,0 - 160,1970 - 1980,16019701980,0.021659410197919917,0.019447347390450617
19,MAT_AC,150.0,2010-06-03 00:00:00,1959-01-01,51.0,0 - 160,1950 - 1960,16019501960,0.023593731428492856,0.019447347390450617
1655,MAT_AC,100.0,2015-07-25 00:00:00,1976-01-01,39.0,0 - 160,1970 - 1980,16019701980,0.021659410197919917,0.019447347390450617
704,MAT_AC,100.0,2012-11-20 00:00:00,1943-01-01,69.0,0 - 160,1940 - 1950,16019401950,0.03147109930130199,0.019447347390450617
2208,MAT_AC,100.0,2019-04-13 00:00:00,1978-01-01,41.0,0 - 160,1970 - 1980,16019701980,0.021659410197919917,0.019447347390450617
1908,MAT_AC,50.0,2016-12-08 00:00:00,1961-01-01,55.0,0 - 160,1960 - 1970,16019601970,0.02413711332142534,0.019447347390450617
1609,MAT_AC,150.0,2015-08-04 00:00:00,1966-01-01,49.0,0 - 160,1960 - 1970,16019601970,0.02413711332142534,0.019447347390450617
313,MAT_AC,100.0,2011-11-27 00:00:00,1970-01-01,41.0,0 - 160,1970 - 1980,16019701980,0.021659410197919917,0.019447347390450617
2067,MAT_AC,100.0,2018-08-03 00:00:00,1968-01-01,50.0,0 - 160,1960 - 1970,16019601970,0.02413711332142534,0.019447347390450617
907,MAT_AC,100.0,2013-12-04 00:00:00,1958-01-01,55.0,0 - 160,1950 - 1960,16019501960,0.023593731428492856,0.019447347390450617
70,MAT_AC,160.0,2010-01-12 00:00:00,1972-01-01,38.0,160 - 300,1970 - 1980,16030019701980,0.004327175435392872,0.004668884141399624
147,MAT_AC,100.0,2010-06-22 00:00:00,1959-01-01,51.0,0 - 160,1950 - 1960,16019501960,0.023593731428492856,0.019447347390450617
1191,MAT_AC,150.0,2014-04-02 00:00:00,1960-01-01,54.0,0 - 160,1960 - 1970,16019601970,0.02413711332142534,0.019447347390450617
839,MAT_AC,100.0,2012-05-14 00:00:00,1984-01-01,28.0,0 - 160,1980 - 1990,16019801990,0.009499218931547145,0.019447347390450617
1629,MAT_AC,100.0,2015-01-13 00:00:00,1972-01-01,43.0,0 - 160,1970 - 1980,16019701980,0.021659410197919917,0.019447347390450617
1166,MAT_AC,100.0,2013-08-31 00:00:00,1963-01-01,50.0,0 - 160,1960 - 1970,16019601970,0.02413711332142534,0.019447347390450617
516,MAT_AC,200.0,2011-12-20 00:00:00,1979-01-01,32.0,160 - 300,1970 - 1980,16030019701980,0.004327175435392872,0.004668884141399624
1587,MAT_AC,100.0,2015-10-23 00:00:00,1960-01-01,55.0,0 - 160,1960 - 1970,16019601970,0.02413711332142534,0.019447347390450617
211,MAT_AC,100.0,2010-02-19 00:00:00,1972-01-01,38.0,0 - 160,1970 - 1980,16019701980,0.021659410197919917,0.019447347390450617
1007,MAT_AC,150.0,2013-10-28 00:00:00,1976-01-01,37.0,0 - 160,1970 - 1980,16019701980,0.021659410197919917,0.019447347390450617
1087,MAT_AC,100.0,2013-03-29 00:00:00,1954-01-01,59.0,0 - 160,1950 - 1960,16019501960,0.023593731428492856,0.019447347390450617
2142,MAT_AC,100.0,2018-10-01 00:00:00,1960-01-01,58.0,0 - 160,1960 - 1970,16019601970,0.02413711332142534,0.019447347390450617
1278,MAT_AC,100.0,2014-07-24 00:00:00,1958-01-01,56.0,0 - 160,1950 - 1960,16019501960,0.023593731428492856,0.019447347390450617
2038,MAT_AC,100.0,2018-08-28 00:00:00,1989-01-01,29.0,0 - 160,1980 - 1990,16019801990,0.009499218931547145,0.019447347390450617
547,MAT_AC,125.0,2011-04-30 00:00:00,1965-01-01,46.0,0 - 160,1960 - 1970,16019601970,0.02413711332142534,0.019447347390450617
1704,MAT_AC,150.0,2016-04-29 00:00:00,1958-01-01,58.0,0 - 160,1950 - 1960,16019501960,0.023593731428492856,0.019447347390450617
1736,MAT_AC,100.0,2016-07-07 00:00:00,1972-01-01,44.0,0 - 160,1970 - 1980,16019701980,0.021659410197919917,0.019447347390450617
808,MAT_AC,100.0,2012-01-24 00:00:00,1981-01-01,31.0,0 - 160,1980 - 1990,16019801990,0.009499218931547145,0.019447347390450617
2087,MAT_AC,150.0,2018-02-10 00:00:00,1978-01-01,40.0,0 - 160,1970 - 1980,16019701980,0.021659410197919917,0.019447347390450617
1501,MAT_AC,100.0,2015-10-19 00:00:00,1955-01-01,60.0,0 - 160,1950 - 1960,16019501960,0.023593731428492856,0.019447347390450617
1027,MAT_AC,100.0,2013-10-28 00:00:00,1961-01-01,52.0,0 - 160,1960 - 1970,16019601970,0.02413711332142534,0.019447347390450617
2132,MAT_AC,100.0,2018-01-28 00:00:00,1963-01-01,55.0,0 - 160,1960 - 1970,16019601970,0.02413711332142534,0.019447347390450617
2099,MAT_AC,125.0,2018-01-18 00:00:00,1963-01-01,55.0,0 - 160,1960 - 1970,16019601970,0.02413711332142534,0.019447347390450617
2064,MAT_AC,150.0,2018-12-12 00:00:00,1991-01-01,27.0,0 - 160,1990 - 2000,16019902000,0.010718391292134262,0.019447347390450617
2017,MAT_AC,150.0,2017-01-15 00:00:00,1966-01-01,51.0,0 - 160,1960 - 1970,16019601970,0.02413711332142534,0.019447347390450617
1461,MAT_AC,100.0,2014-02-26 00:00:00,1969-01-01,45.0,0 - 160,1960 - 1970,16019601970,0.02413711332142534,0.019447347390450617
1368,MAT_AC,100.0,2014-03-02 00:00:00,1969-01-01,45.0,0 - 160,1960 - 1970,16019601970,0.02413711332142534,0.019447347390450617
814,MAT_AC,150.0,2012-04-15 00:00:00,1956-01-01,56.0,0 - 160,1950 - 1960,16019501960,0.023593731428492856,0.019447347390450617
1064,MAT_AC,100.0,2013-08-26 00:00:00,1970-01-01,43.0,0 - 160,1970 - 1980,16019701980,0.021659410197919917,0.019447347390450617
1514,MAT_AC,150.0,2015-01-19 00:00:00,1963-01-01,52.0,0 - 160,1960 - 1970,16019601970,0.02413711332142534,0.019447347390450617
1897,MAT_AC,100.0,2016-01-04 00:00:00,1972-01-01,44.0,0 - 160,1970 - 1980,16019701980,0.021659410197919917,0.019447347390450617
1691,MAT_AC,100.0,2016-07-15 00:00:00,1966-01-01,50.0,0 - 160,1960 - 1970,16019601970,0.02413711332142534,0.019447347390450617
13,MAT_AC,100.0,2010-10-13 00:00:00,1964-01-01,46.0,0 - 160,1960 - 1970,16019601970,0.02413711332142534,0.019447347390450617
1878,MAT_AC,150.0,2016-07-29 00:00:00,1965-01-01,51.0,0 - 160,1960 - 1970,16019601970,0.02413711332142534,0.019447347390450617
399,MAT_AC,100.0,2011-11-21 00:00:00,1959-01-01,52.0,0 - 160,1950 - 1960,16019501960,0.023593731428492856,0.019447347390450617
1017,MAT_AC,100.0,2013-05-01 00:00:00,1958-01-01,55.0,0 - 160,1950 - 1960,16019501960,0.023593731428492856,0.019447347390450617
1579,MAT_AC,250.0,2015-07-25 00:00:00,1969-01-01,46.0,160 - 300,1960 - 1970,16030019601970,0.0067077637583175835,0.004668884141399624
262,MAT_AC,100.0,2010-08-18 00:00:00,1954-01-01,56.0,0 - 160,1950 - 1960,16019501960,0.023593731428492856,0.019447347390450617
537,MAT_AC,100.0,2011-01-27 00:00:00,1987-01-01,24.0,0 - 160,1980 - 1990,16019801990,0.009499218931547145,0.019447347390450617
1827,MAT_AC,150.0,2016-05-12 00:00:00,1971-01-01,45.0,0 - 160,1970 - 1980,16019701980,0.021659410197919917,0.019447347390450617
1400,MAT_AC,100.0,2014-11-21 00:00:00,1956-01-01,58.0,0 - 160,1950 - 1960,16019501960,0.023593731428492856,0.019447347390450617
872,MAT_AC,100.0,2013-12-06 00:00:00,1984-01-01,29.0,0 - 160,1980 - 1990,16019801990,0.009499218931547145,0.019447347390450617
1882,MAT_AC,100.0,2016-06-24 00:00:00,1971-01-01,45.0,0 - 160,1970 - 1980,16019701980,0.021659410197919917,0.019447347390450617
1831,MAT_AC,150.0,2016-01-11 00:00:00,1973-01-01,43.0,0 - 160,1970 - 1980,16019701980,0.021659410197919917,0.019447347390450617
1896,MAT_AC,100.0,2016-10-22 00:00:00,1982-01-01,34.0,0 - 160,1980 - 1990,16019801990,0.009499218931547145,0.019447347390450617
1932,MAT_AC,125.0,2017-12-09 00:00:00,1960-01-01,57.0,0 - 160,1960 - 1970,16019601970,0.02413711332142534,0.019447347390450617
1152,MAT_AC,100.0,2013-12-11 00:00:00,1984-01-01,29.0,0 - 160,1980 - 1990,16019801990,0.009499218931547145,0.019447347390450617
8,MAT_AC,50.0,2010-04-16 00:00:00,1969-01-01,41.0,0 - 160,1960 - 1970,16019601970,0.02413711332142534,0.019447347390450617
1314,MAT_AC,100.0,2014-07-28 00:00:00,1955-01-01,59.0,0 - 160,1950 - 1960,16019501960,0.023593731428492856,0.019447347390450617
2213,MAT_AC,100.0,2019-11-15 00:00:00,1969-01-01,50.0,0 - 160,1960 - 1970,16019601970,0.02413711332142534,0.019447347390450617
1387,MAT_AC,100.0,2014-12-24 00:00:00,1968-01-01,46.0,0 - 160,1960 - 1970,16019601970,0.02413711332142534,0.019447347390450617
2264,MAT_AC,100.0,2019-07-23 00:00:00,1959-01-01,60.0,0 - 160,1950 - 1960,16019501960,0.023593731428492856,0.019447347390450617
403,MAT_AC,100.0,2011-07-17 00:00:00,1957-01-01,54.0,0 - 160,1950 - 1960,16019501960,0.023593731428492856,0.019447347390450617
1455,MAT_AC,100.0,2014-09-18 00:00:00,1973-01-01,41.0,0 - 160,1970 - 1980,16019701980,0.021659410197919917,0.019447347390450617
2153,MAT_AC,100.0,2018-10-02 00:00:00,1970-01-01,48.0,0 - 160,1970 - 1980,16019701980,0.021659410197919917,0.019447347390450617
1679,MAT_AC,100.0,2015-10-23 00:00:00,1982-01-01,33.0,0 - 160,1980 - 1990,16019801990,0.009499218931547145,0.019447347390450617
1625,MAT_AC,100.0,2015-06-16 00:00:00,1987-01-01,28.0,0 - 160,1980 - 1990,16019801990,0.009499218931547145,0.019447347390450617
1238,MAT_AC,100.0,2014-12-05 00:00:00,1991-01-01,23.0,0 - 160,1990 - 2000,16019902000,0.010718391292134262,0.019447347390450617
2019,MAT_AC,100.0,2017-01-30 00:00:00,1969-01-01,48.0,0 - 160,1960 - 1970,16019601970,0.02413711332142534,0.019447347390450617
1252,MAT_AC,100.0,2014-09-24 00:00:00,1977-01-01,37.0,0 - 160,1970 - 1980,16019701980,0.021659410197919917,0.019447347390450617
1466,MAT_AC,200.0,2014-07-14 00:00:00,1970-01-01,44.0,160 - 300,1970 - 1980,16030019701980,0.004327175435392872,0.004668884141399624
1759,MAT_AC,150.0,2016-03-17 00:00:00,1955-01-01,61.0,0 - 160,1950 - 1960,16019501960,0.023593731428492856,0.019447347390450617
1026,MAT_AC,100.0,2013-07-04 00:00:00,1964-01-01,49.0,0 - 160,1960 - 1970,16019601970,0.02413711332142534,0.019447347390450617
1032,MAT_AC,150.0,2013-01-04 00:00:00,1956-01-01,57.0,0 - 160,1950 - 1960,16019501960,0.023593731428492856,0.019447347390450617
1566,MAT_AC,100.0,2015-07-25 00:00:00,1981-01-01,34.0,0 - 160,1980 - 1990,16019801990,0.009499218931547145,0.019447347390450617
1503,MAT_AC,125.0,2015-07-16 00:00:00,1970-01-01,45.0,0 - 160,1970 - 1980,16019701980,0.021659410197919917,0.019447347390450617
1754,MAT_AC,150.0,2016-03-13 00:00:00,1958-01-01,58.0,0 - 160,1950 - 1960,16019501960,0.023593731428492856,0.019447347390450617
576,MAT_AC,150.0,2012-07-17 00:00:00,1956-01-01,56.0,0 - 160,1950 - 1960,16019501960,0.023593731428492856,0.019447347390450617
209,MAT_AC,100.0,2010-06-23 00:00:00,1980-01-01,30.0,0 - 160,1980 - 1990,16019801990,0.009499218931547145,0.019447347390450617
385,MAT_AC,150.0,2011-03-25 00:00:00,1954-01-01,57.0,0 - 160,1950 - 1960,16019501960,0.023593731428492856,0.019447347390450617
1145,MAT_AC,100.0,2013-07-03 00:00:00,1991-01-01,22.0,0 - 160,1990 - 2000,16019902000,0.010718391292134262,0.019447347390450617
1135,MAT_AC,100.0,2013-06-24 00:00:00,1972-01-01,41.0,0 - 160,1970 - 1980,16019701980,0.021659410197919917,0.019447347390450617
1403,MAT_AC,100.0,2014-02-06 00:00:00,1982-01-01,32.0,0 - 160,1980 - 1990,16019801990,0.009499218931547145,0.019447347390450617
1104,MAT_AC,100.0,2013-03-21 00:00:00,1958-01-01,55.0,0 - 160,1950 - 1960,16019501960,0.023593731428492856,0.019447347390450617
2157,MAT_AC,100.0,2018-06-11 00:00:00,1970-01-01,48.0,0 - 160,1970 - 1980,16019701980,0.021659410197919917,0.019447347390450617
354,MAT_AC,150.0,2011-06-27 00:00:00,1982-01-01,29.0,0 - 160,1980 - 1990,16019801990,0.009499218931547145,0.019447347390450617
1348,MAT_AC,100.0,2014-01-28 00:00:00,1947-01-01,67.0,0 - 160,1940 - 1950,16019401950,0.03147109930130199,0.019447347390450617
1523,MAT_AC,50.0,2015-05-29 00:00:00,1969-01-01,46.0,0 - 160,1960 - 1970,16019601970,0.02413711332142534,0.019447347390450617
1013,MAT_AC,150.0,2013-09-04 00:00:00,1970-01-01,43.0,0 - 160,1970 - 1980,16019701980,0.021659410197919917,0.019447347390450617
1589,MAT_AC,100.0,2015-07-22 00:00:00,1959-01-01,56.0,0 - 160,1950 - 1960,16019501960,0.023593731428492856,0.019447347390450617
1711,MAT_AC,150.0,2016-11-06 00:00:00,1961-01-01,55.0,0 - 160,1960 - 1970,16019601970,0.02413711332142534,0.019447347390450617
1810,MAT_AC,100.0,2016-04-13 00:00:00,1972-01-01,44.0,0 - 160,1970 - 1980,16019701980,0.021659410197919917,0.019447347390450617
1146,MAT_AC,100.0,2013-09-04 00:00:00,1956-01-01,57.0,0 - 160,1950 - 1960,16019501960,0.023593731428492856,0.019447347390450617
1240,MAT_AC,150.0,2014-11-05 00:00:00,1979-01-01,35.0,0 - 160,1970 - 1980,16019701980,0.021659410197919917,0.019447347390450617
1096,MAT_AC,200.0,2013-10-28 00:00:00,1984-01-01,29.0,160 - 300,1980 - 1990,16030019801990,0.003549969875818495,0.004668884141399624
1594,MAT_AC,100.0,2015-06-05 00:00:00,1938-01-01,77.0,0 - 160,1930 - 1940,16019301940,0.0120901165446888,0.019447347390450617
454,MAT_AC,300.0,2011-07-27 00:00:00,1953-01-01,58.0,300 - 1000,1950 - 1960,300100019501960,0.005585329526455759,0.0014915573037056083
1318,MAT_AC,250.0,2014-07-19 00:00:00,1986-01-01,28.0,160 - 300,1980 - 1990,16030019801990,0.003549969875818495,0.004668884141399624
1170,MAT_AC,200.0,2013-07-20 00:00:00,1989-01-01,24.0,160 - 300,1980 - 1990,16030019801990,0.003549969875818495,0.004668884141399624
1227,MAT_AC,150.0,2014-02-01 00:00:00,1960-01-01,54.0,0 - 160,1960 - 1970,16019601970,0.02413711332142534,0.019447347390450617
2088,MAT_AC,300.0,2018-12-11 00:00:00,1965-01-01,53.0,300 - 1000,1960 - 1970,300100019601970,0.0034630756924591264,0.0014915573037056083
233,MAT_AC,125.0,2010-09-19 00:00:00,1964-01-01,46.0,0 - 160,1960 - 1970,16019601970,0.02413711332142534,0.019447347390450617
2159,MAT_AC,150.0,2018-08-10 00:00:00,1986-01-01,32.0,0 - 160,1980 - 1990,16019801990,0.009499218931547145,0.019447347390450617
485,MAT_AC,100.0,2011-02-06 00:00:00,1973-01-01,38.0,0 - 160,1970 - 1980,16019701980,0.021659410197919917,0.019447347390450617
1367,MAT_AC,100.0,2014-02-15 00:00:00,1964-01-01,50.0,0 - 160,1960 - 1970,16019601970,0.02413711332142534,0.019447347390450617
2069,MAT_AC,100.0,2018-06-22 00:00:00,1971-01-01,47.0,0 - 160,1970 - 1980,16019701980,0.021659410197919917,0.019447347390450617
188,MAT_AC,150.0,2010-04-14 00:00:00,1948-01-01,62.0,0 - 160,1940 - 1950,16019401950,0.03147109930130199,0.019447347390450617
347,MAT_AC,100.0,2011-03-17 00:00:00,1967-01-01,44.0,0 - 160,1960 - 1970,16019601970,0.02413711332142534,0.019447347390450617
2053,MAT_AC,250.0,2018-02-21 00:00:00,1970-01-01,48.0,160 - 300,1970 - 1980,16030019701980,0.004327175435392872,0.004668884141399624
1936,MAT_AC,100.0,2017-07-17 00:00:00,1974-01-01,43.0,0 - 160,1970 - 1980,16019701980,0.021659410197919917,0.019447347390450617
360,MAT_AC,100.0,2011-11-26 00:00:00,1970-01-01,41.0,0 - 160,1970 - 1980,16019701980,0.021659410197919917,0.019447347390450617
421,MAT_AC,250.0,2011-04-28 00:00:00,1963-01-01,48.0,160 - 300,1960 - 1970,16030019601970,0.0067077637583175835,0.004668884141399624
59,MAT_AC,50.0,2010-07-09 00:00:00,1961-01-01,49.0,0 - 160,1960 - 1970,16019601970,0.02413711332142534,0.019447347390450617
2133,MAT_AC,100.0,2018-01-09 00:00:00,1980-01-01,38.0,0 - 160,1980 - 1990,16019801990,0.009499218931547145,0.019447347390450617
511,MAT_AC,100.0,2011-06-16 00:00:00,1983-01-01,28.0,0 - 160,1980 - 1990,16019801990,0.009499218931547145,0.019447347390450617
894,MAT_AC,150.0,2013-11-08 00:00:00,1980-01-01,33.0,0 - 160,1980 - 1990,16019801990,0.009499218931547145,0.019447347390450617
1578,MAT_AC,100.0,2015-06-23 00:00:00,1965-01-01,50.0,0 - 160,1960 - 1970,16019601970,0.02413711332142534,0.019447347390450617
445,MAT_AC,100.0,2011-01-27 00:00:00,1959-01-01,52.0,0 - 160,1950 - 1960,16019501960,0.023593731428492856,0.019447347390450617
1605,MAT_AC,100.0,2015-01-29 00:00:00,1964-01-01,51.0,0 - 160,1960 - 1970,16019601970,0.02413711332142534,0.019447347390450617
370,MAT_AC,100.0,2011-02-25 00:00:00,1989-01-01,22.0,0 - 160,1980 - 1990,16019801990,0.009499218931547145,0.019447347390450617
455,MAT_AC,100.0,2011-12-16 00:00:00,1958-01-01,53.0,0 - 160,1950 - 1960,16019501960,0.023593731428492856,0.019447347390450617
12,MAT_AC,150.0,2010-11-22 00:00:00,1982-01-01,28.0,0 - 160,1980 - 1990,16019801990,0.009499218931547145,0.019447347390450617
1584,MAT_AC,100.0,2015-06-05 00:00:00,1981-01-01,34.0,0 - 160,1980 - 1990,16019801990,0.009499218931547145,0.019447347390450617
1136,MAT_AC,100.0,2013-01-17 00:00:00,1954-01-01,59.0,0 - 160,1950 - 1960,16019501960,0.023593731428492856,0.019447347390450617
194,MAT_AC,100.0,2010-08-12 00:00:00,1973-01-01,37.0,0 - 160,1970 - 1980,16019701980,0.021659410197919917,0.019447347390450617
1667,MAT_AC,150.0,2015-08-04 00:00:00,1954-01-01,61.0,0 - 160,1950 - 1960,16019501960,0.023593731428492856,0.019447347390450617
1120,MAT_AC,100.0,2013-08-19 00:00:00,1978-01-01,35.0,0 - 160,1970 - 1980,16019701980,0.021659410197919917,0.019447347390450617
1321,MAT_AC,100.0,2014-05-17 00:00:00,1973-01-01,41.0,0 - 160,1970 - 1980,16019701980,0.021659410197919917,0.019447347390450617
380,MAT_AC,100.0,2011-11-14 00:00:00,1964-01-01,47.0,0 - 160,1960 - 1970,16019601970,0.02413711332142534,0.019447347390450617
654,MAT_AC,200.0,2012-10-31 00:00:00,1972-01-01,40.0,160 - 300,1970 - 1980,16030019701980,0.004327175435392872,0.004668884141399624
611,MAT_AC,125.0,2012-06-17 00:00:00,1972-01-01,40.0,0 - 160,1970 - 1980,16019701980,0.021659410197919917,0.019447347390450617
1085,MAT_AC,100.0,2013-12-06 00:00:00,1972-01-01,41.0,0 - 160,1970 - 1980,16019701980,0.021659410197919917,0.019447347390450617
1232,MAT_AC,100.0,2014-06-28 00:00:00,1962-01-01,52.0,0 - 160,1960 - 1970,16019601970,0.02413711332142534,0.019447347390450617
351,MAT_AC,100.0,2011-12-07 00:00:00,1954-01-01,57.0,0 - 160,1950 - 1960,16019501960,0.023593731428492856,0.019447347390450617
1457,MAT_AC,150.0,2014-12-17 00:00:00,1982-01-01,32.0,0 - 160,1980 - 1990,16019801990,0.009499218931547145,0.019447347390450617
954,MAT_AC,100.0,2013-10-19 00:00:00,1962-01-01,51.0,0 - 160,1960 - 1970,16019601970,0.02413711332142534,0.019447347390450617
495,MAT_AC,125.0,2011-05-06 00:00:00,1960-01-01,51.0,0 - 160,1960 - 1970,16019601970,0.02413711332142534,0.019447347390450617
101,MAT_AC,125.0,2010-06-17 00:00:00,1968-01-01,42.0,0 - 160,1960 - 1970,16019601970,0.02413711332142534,0.019447347390450617
1862,MAT_AC,100.0,2016-05-25 00:00:00,1972-01-01,44.0,0 - 160,1970 - 1980,16019701980,0.021659410197919917,0.019447347390450617
282,MAT_AC,100.0,2010-07-10 00:00:00,1961-01-01,49.0,0 - 160,1960 - 1970,16019601970,0.02413711332142534,0.019447347390450617
1225,MAT_AC,100.0,2014-08-28 00:00:00,1960-01-01,54.0,0 - 160,1960 - 1970,16019601970,0.02413711332142534,0.019447347390450617
150,MAT_AC,100.0,2010-08-25 00:00:00,1960-01-01,50.0,0 - 160,1960 - 1970,16019601970,0.02413711332142534,0.019447347390450617
1858,MAT_AC,150.0,2016-06-24 00:00:00,1956-01-01,60.0,0 - 160,1950 - 1960,16019501960,0.023593731428492856,0.019447347390450617
2172,MAT_AC,100.0,2018-06-10 00:00:00,1976-01-01,42.0,0 - 160,1970 - 1980,16019701980,0.021659410197919917,0.019447347390450617
1432,MAT_AC,100.0,2014-10-27 00:00:00,1967-01-01,47.0,0 - 160,1960 - 1970,16019601970,0.02413711332142534,0.019447347390450617
49,MAT_AC,100.0,2010-06-25 00:00:00,1958-01-01,52.0,0 - 160,1950 - 1960,16019501960,0.023593731428492856,0.019447347390450617
1023,MAT_AC,50.0,2013-08-08 00:00:00,1962-01-01,51.0,0 - 160,1960 - 1970,16019601970,0.02413711332142534,0.019447347390450617
1801,MAT_AC,100.0,2016-10-19 00:00:00,1954-01-01,62.0,0 - 160,1950 - 1960,16019501960,0.023593731428492856,0.019447347390450617
1266,MAT_AC,100.0,2014-02-10 00:00:00,1954-01-01,60.0,0 - 160,1950 - 1960,16019501960,0.023593731428492856,0.019447347390450617
141,MAT_AC,100.0,2010-10-12 00:00:00,1964-01-01,46.0,0 - 160,1960 - 1970,16019601970,0.02413711332142534,0.019447347390450617
2011,MAT_AC,100.0,2017-06-22 00:00:00,1991-01-01,26.0,0 - 160,1990 - 2000,16019902000,0.010718391292134262,0.019447347390450617
2126,MAT_AC,125.0,2018-01-24 00:00:00,1955-01-01,63.0,0 - 160,1950 - 1960,16019501960,0.023593731428492856,0.019447347390450617
2094,MAT_AC,125.0,2018-02-27 00:00:00,1962-01-01,56.0,0 - 160,1960 - 1970,16019601970,0.02413711332142534,0.019447347390450617
738,MAT_AC,50.0,2012-12-11 00:00:00,1962-01-01,50.0,0 - 160,1960 - 1970,16019601970,0.02413711332142534,0.019447347390450617
1270,MAT_AC,100.0,2014-02-08 00:00:00,1962-01-01,52.0,0 - 160,1960 - 1970,16019601970,0.02413711332142534,0.019447347390450617
1663,MAT_AC,100.0,2015-03-19 00:00:00,1970-01-01,45.0,0 - 160,1970 - 1980,16019701980,0.021659410197919917,0.019447347390450617
1644,MAT_AC,150.0,2015-02-02 00:00:00,1964-01-01,51.0,0 - 160,1960 - 1970,16019601970,0.02413711332142534,0.019447347390450617
1025,MAT_AC,100.0,2013-07-29 00:00:00,1973-01-01,40.0,0 - 160,1970 - 1980,16019701980,0.021659410197919917,0.019447347390450617
36,MAT_AC,150.0,2010-11-20 00:00:00,1961-01-01,49.0,0 - 160,1960 - 1970,16019601970,0.02413711332142534,0.019447347390450617
1732,MAT_AC,100.0,2016-01-02 00:00:00,1978-01-01,38.0,0 - 160,1970 - 1980,16019701980,0.021659410197919917,0.019447347390450617
1580,MAT_AC,100.0,2015-12-10 00:00:00,1966-01-01,49.0,0 - 160,1960 - 1970,16019601970,0.02413711332142534,0.019447347390450617
1564,MAT_AC,100.0,2015-08-11 00:00:00,1954-01-01,61.0,0 - 160,1950 - 1960,16019501960,0.023593731428492856,0.019447347390450617
219,MAT_AC,150.0,2010-05-13 00:00:00,1954-01-01,56.0,0 - 160,1950 - 1960,16019501960,0.023593731428492856,0.019447347390450617
162,MAT_AC,100.0,2010-11-19 00:00:00,1979-01-01,31.0,0 - 160,1970 - 1980,16019701980,0.021659410197919917,0.019447347390450617
757,MAT_AC,150.0,2012-02-12 00:00:00,1956-01-01,56.0,0 - 160,1950 - 1960,16019501960,0.023593731428492856,0.019447347390450617
790,MAT_AC,300.0,2012-03-01 00:00:00,1961-01-01,51.0,300 - 1000,1960 - 1970,300100019601970,0.0034630756924591264,0.0014915573037056083
1041,MAT_AC,100.0,2013-03-23 00:00:00,1969-01-01,44.0,0 - 160,1960 - 1970,16019601970,0.02413711332142534,0.019447347390450617
1477,MAT_AC,100.0,2015-02-02 00:00:00,1957-01-01,58.0,0 - 160,1950 - 1960,16019501960,0.023593731428492856,0.019447347390450617
23,MAT_AC,100.0,2010-07-18 00:00:00,1983-01-01,27.0,0 - 160,1980 - 1990,16019801990,0.009499218931547145,0.019447347390450617
490,MAT_AC,100.0,2011-11-22 00:00:00,1970-01-01,41.0,0 - 160,1970 - 1980,16019701980,0.021659410197919917,0.019447347390450617
1113,MAT_AC,100.0,2013-01-30 00:00:00,1969-01-01,44.0,0 - 160,1960 - 1970,16019601970,0.02413711332142534,0.019447347390450617
2260,MAT_AC,100.0,2019-01-08 00:00:00,1978-01-01,41.0,0 - 160,1970 - 1980,16019701980,0.021659410197919917,0.019447347390450617
622,MAT_AC,100.0,2012-01-31 00:00:00,1954-01-01,58.0,0 - 160,1950 - 1960,16019501960,0.023593731428492856,0.019447347390450617
1446,MAT_AC,150.0,2014-02-28 00:00:00,1963-01-01,51.0,0 - 160,1960 - 1970,16019601970,0.02413711332142534,0.019447347390450617
1763,MAT_AC,100.0,2016-09-13 00:00:00,1964-01-01,52.0,0 - 160,1960 - 1970,16019601970,0.02413711332142534,0.019447347390450617
2027,MAT_AC,150.0,2018-08-01 00:00:00,1971-01-01,47.0,0 - 160,1970 - 1980,16019701980,0.021659410197919917,0.019447347390450617
1692,MAT_AC,200.0,2016-04-13 00:00:00,1977-01-01,39.0,160 - 300,1970 - 1980,16030019701980,0.004327175435392872,0.004668884141399624
1467,MAT_AC,100.0,2014-01-29 00:00:00,1970-01-01,44.0,0 - 160,1970 - 1980,16019701980,0.021659410197919917,0.019447347390450617
1525,MAT_AC,100.0,2015-10-19 00:00:00,1971-01-01,44.0,0 - 160,1970 - 1980,16019701980,0.021659410197919917,0.019447347390450617
462,MAT_AC,250.0,2011-11-09 00:00:00,1970-01-01,41.0,160 - 300,1970 - 1980,16030019701980,0.004327175435392872,0.004668884141399624
1945,MAT_AC,200.0,2017-05-08 00:00:00,1981-01-01,36.0,160 - 300,1980 - 1990,16030019801990,0.003549969875818495,0.004668884141399624
1281,MAT_AC,100.0,2014-12-19 00:00:00,1955-01-01,59.0,0 - 160,1950 - 1960,16019501960,0.023593731428492856,0.019447347390450617
2134,MAT_AC,100.0,2018-05-21 00:00:00,1964-01-01,54.0,0 - 160,1960 - 1970,16019601970,0.02413711332142534,0.019447347390450617
419,MAT_AC,100.0,2011-01-19 00:00:00,1966-01-01,45.0,0 - 160,1960 - 1970,16019601970,0.02413711332142534,0.019447347390450617
700,MAT_AC,300.0,2012-06-29 00:00:00,1963-01-01,49.0,300 - 1000,1960 - 1970,300100019601970,0.0034630756924591264,0.0014915573037056083
1570,MAT_AC,150.0,2015-01-18 00:00:00,1965-01-01,50.0,0 - 160,1960 - 1970,16019601970,0.02413711332142534,0.019447347390450617
2052,MAT_AC,150.0,2018-07-31 00:00:00,1971-01-01,47.0,0 - 160,1970 - 1980,16019701980,0.021659410197919917,0.019447347390450617
195,MAT_AC,250.0,2010-08-09 00:00:00,1965-01-01,45.0,160 - 300,1960 - 1970,16030019601970,0.0067077637583175835,0.004668884141399624
293,MAT_AC,100.0,2010-10-13 00:00:00,1961-01-01,49.0,0 - 160,1960 - 1970,16019601970,0.02413711332142534,0.019447347390450617
1443,MAT_AC,100.0,2014-02-05 00:00:00,1970-01-01,44.0,0 - 160,1970 - 1980,16019701980,0.021659410197919917,0.019447347390450617
1419,MAT_AC,250.0,2014-07-29 00:00:00,1973-01-01,41.0,160 - 300,1970 - 1980,16030019701980,0.004327175435392872,0.004668884141399624
266,MAT_AC,100.0,2010-01-16 00:00:00,1979-01-01,31.0,0 - 160,1970 - 1980,16019701980,0.021659410197919917,0.019447347390450617
295,MAT_AC,150.0,2010-09-23 00:00:00,1965-01-01,45.0,0 - 160,1960 - 1970,16019601970,0.02413711332142534,0.019447347390450617
2003,MAT_AC,100.0,2017-06-19 00:00:00,1963-01-01,54.0,0 - 160,1960 - 1970,16019601970,0.02413711332142534,0.019447347390450617
238,MAT_AC,100.0,2010-01-27 00:00:00,1959-01-01,51.0,0 - 160,1950 - 1960,16019501960,0.023593731428492856,0.019447347390450617
1433,MAT_AC,100.0,2014-02-24 00:00:00,1970-01-01,44.0,0 - 160,1970 - 1980,16019701980,0.021659410197919917,0.019447347390450617
231,MAT_AC,100.0,2010-12-16 00:00:00,1958-01-01,52.0,0 - 160,1950 - 1960,16019501960,0.023593731428492856,0.019447347390450617
965,MAT_AC,150.0,2013-07-26 00:00:00,1964-01-01,49.0,0 - 160,1960 - 1970,16019601970,0.02413711332142534,0.019447347390450617
2268,MAT_AC,100.0,2019-08-26 00:00:00,1990-01-01,29.0,0 - 160,1990 - 2000,16019902000,0.010718391292134262,0.019447347390450617
2129,MAT_AC,200.0,2018-07-12 00:00:00,1974-01-01,44.0,160 - 300,1970 - 1980,16030019701980,0.004327175435392872,0.004668884141399624
2147,MAT_AC,100.0,2018-03-31 00:00:00,1977-01-01,41.0,0 - 160,1970 - 1980,16019701980,0.021659410197919917,0.019447347390450617
1521,MAT_AC,100.0,2015-06-15 00:00:00,1958-01-01,57.0,0 - 160,1950 - 1960,16019501960,0.023593731428492856,0.019447347390450617
1961,MAT_AC,100.0,2017-09-21 00:00:00,1971-01-01,46.0,0 - 160,1970 - 1980,16019701980,0.021659410197919917,0.019447347390450617
244,MAT_AC,200.0,2010-03-04 00:00:00,1967-01-01,43.0,160 - 300,1960 - 1970,16030019601970,0.0067077637583175835,0.004668884141399624
21,MAT_AC,150.0,2010-07-28 00:00:00,1965-01-01,45.0,0 - 160,1960 - 1970,16019601970,0.02413711332142534,0.019447347390450617
1437,MAT_AC,100.0,2014-03-11 00:00:00,1958-01-01,56.0,0 - 160,1950 - 1960,16019501960,0.023593731428492856,0.019447347390450617
120,MAT_AC,100.0,2010-12-16 00:00:00,1943-01-01,67.0,0 - 160,1940 - 1950,16019401950,0.03147109930130199,0.019447347390450617
109,MAT_AC,150.0,2010-06-08 00:00:00,1959-01-01,51.0,0 - 160,1950 - 1960,16019501960,0.023593731428492856,0.019447347390450617
949,MAT_AC,100.0,2013-11-05 00:00:00,1966-01-01,47.0,0 - 160,1960 - 1970,16019601970,0.02413711332142534,0.019447347390450617
433,MAT_AC,250.0,2011-04-17 00:00:00,1979-01-01,32.0,160 - 300,1970 - 1980,16030019701980,0.004327175435392872,0.004668884141399624
2036,MAT_AC,100.0,2018-04-16 00:00:00,1985-01-01,33.0,0 - 160,1980 - 1990,16019801990,0.009499218931547145,0.019447347390450617
1504,MAT_AC,250.0,2015-01-07 00:00:00,1963-01-01,52.0,160 - 300,1960 - 1970,16030019601970,0.0067077637583175835,0.004668884141399624
2188,MAT_AC,100.0,2019-07-08 00:00:00,1986-01-01,33.0,0 - 160,1980 - 1990,16019801990,0.009499218931547145,0.019447347390450617
260,MAT_AC,100.0,2010-08-24 00:00:00,1977-01-01,33.0,0 - 160,1970 - 1980,16019701980,0.021659410197919917,0.019447347390450617
475,MAT_AC,100.0,2011-03-22 00:00:00,1951-01-01,60.0,0 - 160,1950 - 1960,16019501960,0.023593731428492856,0.019447347390450617
1598,MAT_AC,150.0,2015-07-25 00:00:00,1967-01-01,48.0,0 - 160,1960 - 1970,16019601970,0.02413711332142534,0.019447347390450617
2044,MAT_AC,200.0,2018-06-28 00:00:00,1976-01-01,42.0,160 - 300,1970 - 1980,16030019701980,0.004327175435392872,0.004668884141399624
1617,MAT_AC,150.0,2015-08-06 00:00:00,1957-01-01,58.0,0 - 160,1950 - 1960,16019501960,0.023593731428492856,0.019447347390450617
464,MAT_AC,200.0,2011-07-10 00:00:00,1990-01-01,21.0,160 - 300,1990 - 2000,16030019902000,0.001144888947751663,0.004668884141399624
1607,MAT_AC,100.0,2015-01-07 00:00:00,1964-01-01,51.0,0 - 160,1960 - 1970,16019601970,0.02413711332142534,0.019447347390450617
1654,MAT_AC,100.0,2015-06-15 00:00:00,1978-01-01,37.0,0 - 160,1970 - 1980,16019701980,0.021659410197919917,0.019447347390450617
1861,MAT_AC,100.0,2016-06-29 00:00:00,1965-01-01,51.0,0 - 160,1960 - 1970,16019601970,0.02413711332142534,0.019447347390450617
1683,MAT_AC,100.0,2016-04-04 00:00:00,1970-01-01,46.0,0 - 160,1970 - 1980,16019701980,0.021659410197919917,0.019447347390450617
1097,MAT_AC,100.0,2013-08-27 00:00:00,1978-01-01,35.0,0 - 160,1970 - 1980,16019701980,0.021659410197919917,0.019447347390450617
722,MAT_AC,150.0,2012-11-12 00:00:00,1959-01-01,53.0,0 - 160,1950 - 1960,16019501960,0.023593731428492856,0.019447347390450617
1274,MAT_AC,100.0,2014-03-13 00:00:00,1964-01-01,50.0,0 - 160,1960 - 1970,16019601970,0.02413711332142534,0.019447347390450617
963,MAT_AC,100.0,2013-08-30 00:00:00,1964-01-01,49.0,0 - 160,1960 - 1970,16019601970,0.02413711332142534,0.019447347390450617
1538,MAT_AC,100.0,2015-09-17 00:00:00,1961-01-01,54.0,0 - 160,1960 - 1970,16019601970,0.02413711332142534,0.019447347390450617
30,MAT_AC,50.0,2010-05-12 00:00:00,1959-01-01,51.0,0 - 160,1950 - 1960,16019501960,0.023593731428492856,0.019447347390450617
9,MAT_AC,100.0,2010-11-15 00:00:00,1955-01-01,55.0,0 - 160,1950 - 1960,16019501960,0.023593731428492856,0.019447347390450617
1180,MAT_AC,100.0,2013-08-16 00:00:00,1961-01-01,52.0,0 - 160,1960 - 1970,16019601970,0.02413711332142534,0.019447347390450617
715,MAT_AC,100.0,2012-08-13 00:00:00,1978-01-01,34.0,0 - 160,1970 - 1980,16019701980,0.021659410197919917,0.019447347390450617
2270,MAT_AC,250.0,2019-08-13 00:00:00,1982-01-01,37.0,160 - 300,1980 - 1990,16030019801990,0.003549969875818495,0.004668884141399624
1500,MAT_AC,150.0,2015-06-26 00:00:00,1958-01-01,57.0,0 - 160,1950 - 1960,16019501960,0.023593731428492856,0.019447347390450617
1192,MAT_AC,100.0,2014-05-18 00:00:00,1973-01-01,41.0,0 - 160,1970 - 1980,16019701980,0.021659410197919917,0.019447347390450617
1111,MAT_AC,100.0,2013-06-27 00:00:00,1972-01-01,41.0,0 - 160,1970 - 1980,16019701980,0.021659410197919917,0.019447347390450617
620,MAT_AC,100.0,2012-07-09 00:00:00,1969-01-01,43.0,0 - 160,1960 - 1970,16019601970,0.02413711332142534,0.019447347390450617
476,MAT_AC,100.0,2011-01-24 00:00:00,1951-01-01,60.0,0 - 160,1950 - 1960,16019501960,0.023593731428492856,0.019447347390450617
1320,MAT_AC,100.0,2014-02-14 00:00:00,1971-01-01,43.0,0 - 160,1970 - 1980,16019701980,0.021659410197919917,0.019447347390450617
1828,MAT_AC,200.0,2016-03-23 00:00:00,1961-01-01,55.0,160 - 300,1960 - 1970,16030019601970,0.0067077637583175835,0.004668884141399624
925,MAT_AC,50.0,2013-04-25 00:00:00,1961-01-01,52.0,0 - 160,1960 - 1970,16019601970,0.02413711332142534,0.019447347390450617
1487,MAT_AC,150.0,2015-09-24 00:00:00,1958-01-01,57.0,0 - 160,1950 - 1960,16019501960,0.023593731428492856,0.019447347390450617
18,MAT_AC,100.0,2010-07-30 00:00:00,1962-01-01,48.0,0 - 160,1960 - 1970,16019601970,0.02413711332142534,0.019447347390450617
703,MAT_AC,100.0,2012-11-03 00:00:00,1970-01-01,42.0,0 - 160,1970 - 1980,16019701980,0.021659410197919917,0.019447347390450617
47,MAT_AC,100.0,2010-07-15 00:00:00,1969-01-01,41.0,0 - 160,1960 - 1970,16019601970,0.02413711332142534,0.019447347390450617
1015,MAT_AC,250.0,2013-09-10 00:00:00,1984-01-01,29.0,160 - 300,1980 - 1990,16030019801990,0.003549969875818495,0.004668884141399624
618,MAT_AC,100.0,2012-02-27 00:00:00,1986-01-01,26.0,0 - 160,1980 - 1990,16019801990,0.009499218931547145,0.019447347390450617
1744,MAT_AC,100.0,2016-08-05 00:00:00,1963-01-01,53.0,0 - 160,1960 - 1970,16019601970,0.02413711332142534,0.019447347390450617
2010,MAT_AC,100.0,2017-04-20 00:00:00,1979-01-01,38.0,0 - 160,1970 - 1980,16019701980,0.021659410197919917,0.019447347390450617
2261,MAT_AC,100.0,2019-08-27 00:00:00,1972-01-01,47.0,0 - 160,1970 - 1980,16019701980,0.021659410197919917,0.019447347390450617
1479,MAT_AC,100.0,2015-08-14 00:00:00,1943-01-01,72.0,0 - 160,1940 - 1950,16019401950,0.03147109930130199,0.019447347390450617
978,MAT_AC,125.0,2013-03-12 00:00:00,1968-01-01,45.0,0 - 160,1960 - 1970,16019601970,0.02413711332142534,0.019447347390450617
1223,MAT_AC,100.0,2014-08-01 00:00:00,1960-01-01,54.0,0 - 160,1960 - 1970,16019601970,0.02413711332142534,0.019447347390450617
1934,MAT_AC,100.0,2017-08-05 00:00:00,1972-01-01,45.0,0 - 160,1970 - 1980,16019701980,0.021659410197919917,0.019447347390450617
1459,MAT_AC,100.0,2014-03-02 00:00:00,1969-01-01,45.0,0 - 160,1960 - 1970,16019601970,0.02413711332142534,0.019447347390450617
545,MAT_AC,100.0,2011-05-07 00:00:00,1957-01-01,54.0,0 - 160,1950 - 1960,16019501960,0.023593731428492856,0.019447347390450617
658,MAT_AC,100.0,2012-12-05 00:00:00,1976-01-01,36.0,0 - 160,1970 - 1980,16019701980,0.021659410197919917,0.019447347390450617
243,MAT_AC,125.0,2010-01-18 00:00:00,1977-01-01,33.0,0 - 160,1970 - 1980,16019701980,0.021659410197919917,0.019447347390450617
1401,MAT_AC,100.0,2014-09-09 00:00:00,1954-01-01,60.0,0 - 160,1950 - 1960,16019501960,0.023593731428492856,0.019447347390450617
2135,MAT_AC,100.0,2018-05-21 00:00:00,1972-01-01,46.0,0 - 160,1970 - 1980,16019701980,0.021659410197919917,0.019447347390450617
1552,MAT_AC,100.0,2015-07-06 00:00:00,1961-01-01,54.0,0 - 160,1960 - 1970,16019601970,0.02413711332142534,0.019447347390450617
785,MAT_AC,100.0,2012-07-09 00:00:00,1969-01-01,43.0,0 - 160,1960 - 1970,16019601970,0.02413711332142534,0.019447347390450617
494,MAT_AC,150.0,2011-09-26 00:00:00,1973-01-01,38.0,0 - 160,1970 - 1980,16019701980,0.021659410197919917,0.019447347390450617
1874,MAT_AC,150.0,2016-01-01 00:00:00,1955-01-01,60.0,0 - 160,1950 - 1960,16019501960,0.023593731428492856,0.019447347390450617
1228,MAT_AC,150.0,2014-06-25 00:00:00,1960-01-01,54.0,0 - 160,1960 - 1970,16019601970,0.02413711332142534,0.019447347390450617
1388,MAT_AC,150.0,2014-07-17 00:00:00,1957-01-01,57.0,0 - 160,1950 - 1960,16019501960,0.023593731428492856,0.019447347390450617
394,MAT_AC,200.0,2011-04-18 00:00:00,1961-01-01,50.0,160 - 300,1960 - 1970,16030019601970,0.0067077637583175835,0.004668884141399624
197,MAT_AC,100.0,2010-07-17 00:00:00,1960-01-01,50.0,0 - 160,1960 - 1970,16019601970,0.02413711332142534,0.019447347390450617
1272,MAT_AC,100.0,2014-05-25 00:00:00,1968-01-01,46.0,0 - 160,1960 - 1970,16019601970,0.02413711332142534,0.019447347390450617
1758,MAT_AC,100.0,2016-07-26 00:00:00,1957-01-01,59.0,0 - 160,1950 - 1960,16019501960,0.023593731428492856,0.019447347390450617
1537,MAT_AC,50.0,2015-04-15 00:00:00,1961-01-01,54.0,0 - 160,1960 - 1970,16019601970,0.02413711332142534,0.019447347390450617
772,MAT_AC,100.0,2012-02-17 00:00:00,1991-01-01,21.0,0 - 160,1990 - 2000,16019902000,0.010718391292134262,0.019447347390450617
185,MAT_AC,250.0,2010-05-27 00:00:00,1988-01-01,22.0,160 - 300,1980 - 1990,16030019801990,0.003549969875818495,0.004668884141399624
1262,MAT_AC,100.0,2014-06-26 00:00:00,1978-01-01,36.0,0 - 160,1970 - 1980,16019701980,0.021659410197919917,0.019447347390450617
1557,MAT_AC,125.0,2015-03-22 00:00:00,1964-01-01,51.0,0 - 160,1960 - 1970,16019601970,0.02413711332142534,0.019447347390450617
504,MAT_AC,100.0,2011-01-16 00:00:00,1960-01-01,51.0,0 - 160,1960 - 1970,16019601970,0.02413711332142534,0.019447347390450617
753,MAT_AC,100.0,2012-06-19 00:00:00,1961-01-01,51.0,0 - 160,1960 - 1970,16019601970,0.02413711332142534,0.019447347390450617
1766,MAT_AC,100.0,2016-07-17 00:00:00,1960-01-01,56.0,0 - 160,1960 - 1970,16019601970,0.02413711332142534,0.019447347390450617
1800,MAT_AC,250.0,2016-09-20 00:00:00,1986-01-01,30.0,160 - 300,1980 - 1990,16030019801990,0.003549969875818495,0.004668884141399624
656,MAT_AC,100.0,2012-07-05 00:00:00,1964-01-01,48.0,0 - 160,1960 - 1970,16019601970,0.02413711332142534,0.019447347390450617
227,MAT_AC,100.0,2010-02-15 00:00:00,1985-01-01,25.0,0 - 160,1980 - 1990,16019801990,0.009499218931547145,0.019447347390450617
1970,MAT_AC,100.0,2017-07-17 00:00:00,1975-01-01,42.0,0 - 160,1970 - 1980,16019701980,0.021659410197919917,0.019447347390450617
311,MAT_AC,100.0,2011-10-18 00:00:00,1969-01-01,42.0,0 - 160,1960 - 1970,16019601970,0.02413711332142534,0.019447347390450617
336,MAT_AC,100.0,2011-03-09 00:00:00,1978-01-01,33.0,0 - 160,1970 - 1980,16019701980,0.021659410197919917,0.019447347390450617
1902,MAT_AC,100.0,2016-09-29 00:00:00,1991-01-01,25.0,0 - 160,1990 - 2000,16019902000,0.010718391292134262,0.019447347390450617
800,MAT_AC,100.0,2012-10-10 00:00:00,1976-01-01,36.0,0 - 160,1970 - 1980,16019701980,0.021659410197919917,0.019447347390450617
659,MAT_AC,100.0,2012-02-28 00:00:00,1938-01-01,74.0,0 - 160,1930 - 1940,16019301940,0.0120901165446888,0.019447347390450617
4,MAT_AC,50.0,2010-03-10 00:00:00,1960-01-01,50.0,0 - 160,1960 - 1970,16019601970,0.02413711332142534,0.019447347390450617
2275,MAT_AC,100.0,2019-07-02 00:00:00,1979-01-01,40.0,0 - 160,1970 - 1980,16019701980,0.021659410197919917,0.019447347390450617
1362,MAT_AC,100.0,2014-07-22 00:00:00,1990-01-01,24.0,0 - 160,1990 - 2000,16019902000,0.010718391292134262,0.019447347390450617
2028,MAT_AC,250.0,2018-07-22 00:00:00,1970-01-01,48.0,160 - 300,1970 - 1980,16030019701980,0.004327175435392872,0.004668884141399624
1115,MAT_AC,100.0,2013-07-12 00:00:00,1960-01-01,53.0,0 - 160,1960 - 1970,16019601970,0.02413711332142534,0.019447347390450617
1489,MAT_AC,100.0,2015-05-28 00:00:00,1951-01-01,64.0,0 - 160,1950 - 1960,16019501960,0.023593731428492856,0.019447347390450617
337,MAT_AC,150.0,2011-08-18 00:00:00,1953-01-01,58.0,0 - 160,1950 - 1960,16019501960,0.023593731428492856,0.019447347390450617
773,MAT_AC,100.0,2012-09-18 00:00:00,1961-01-01,51.0,0 - 160,1960 - 1970,16019601970,0.02413711332142534,0.019447347390450617
2107,MAT_AC,100.0,2018-06-17 00:00:00,1987-01-01,31.0,0 - 160,1980 - 1990,16019801990,0.009499218931547145,0.019447347390450617
310,MAT_AC,100.0,2011-08-22 00:00:00,1960-01-01,51.0,0 - 160,1960 - 1970,16019601970,0.02413711332142534,0.019447347390450617
1333,MAT_AC,100.0,2014-11-29 00:00:00,1968-01-01,46.0,0 - 160,1960 - 1970,16019601970,0.02413711332142534,0.019447347390450617
635,MAT_AC,150.0,2012-05-03 00:00:00,1975-01-01,37.0,0 - 160,1970 - 1980,16019701980,0.021659410197919917,0.019447347390450617
1684,MAT_AC,100.0,2016-01-03 00:00:00,1953-01-01,63.0,0 - 160,1950 - 1960,16019501960,0.023593731428492856,0.019447347390450617
1756,MAT_AC,100.0,2016-12-20 00:00:00,1977-01-01,39.0,0 - 160,1970 - 1980,16019701980,0.021659410197919917,0.019447347390450617
153,MAT_AC,100.0,2010-02-07 00:00:00,1951-01-01,59.0,0 - 160,1950 - 1960,16019501960,0.023593731428492856,0.019447347390450617
1473,MAT_AC,300.0,2015-06-03 00:00:00,1962-01-01,53.0,300 - 1000,1960 - 1970,300100019601970,0.0034630756924591264,0.0014915573037056083
766,MAT_AC,200.0,2012-10-19 00:00:00,1983-01-01,29.0,160 - 300,1980 - 1990,16030019801990,0.003549969875818495,0.004668884141399624
898,MAT_AC,150.0,2013-01-03 00:00:00,1976-01-01,37.0,0 - 160,1970 - 1980,16019701980,0.021659410197919917,0.019447347390450617
2277,MAT_AC,125.0,2019-06-08 00:00:00,1960-01-01,59.0,0 - 160,1960 - 1970,16019601970,0.02413711332142534,0.019447347390450617
379,MAT_AC,200.0,2011-03-08 00:00:00,1979-01-01,32.0,160 - 300,1970 - 1980,16030019701980,0.004327175435392872,0.004668884141399624
1721,MAT_AC,100.0,2016-03-21 00:00:00,1973-01-01,43.0,0 - 160,1970 - 1980,16019701980,0.021659410197919917,0.019447347390450617
2306,MAT_AC,100.0,2019-12-09 00:00:00,1976-01-01,43.0,0 - 160,1970 - 1980,16019701980,0.021659410197919917,0.019447347390450617
2111,MAT_AC,100.0,2018-04-30 00:00:00,1979-01-01,39.0,0 - 160,1970 - 1980,16019701980,0.021659410197919917,0.019447347390450617
1733,MAT_AC,150.0,2016-07-21 00:00:00,1987-01-01,29.0,0 - 160,1980 - 1990,16019801990,0.009499218931547145,0.019447347390450617
1044,MAT_AC,100.0,2013-08-29 00:00:00,1969-01-01,44.0,0 - 160,1960 - 1970,16019601970,0.02413711332142534,0.019447347390450617
744,MAT_AC,100.0,2012-05-07 00:00:00,1975-01-01,37.0,0 - 160,1970 - 1980,16019701980,0.021659410197919917,0.019447347390450617
1837,MAT_AC,100.0,2016-08-15 00:00:00,1963-01-01,53.0,0 - 160,1960 - 1970,16019601970,0.02413711332142534,0.019447347390450617
875,MAT_AC,100.0,2013-01-25 00:00:00,1985-01-01,28.0,0 - 160,1980 - 1990,16019801990,0.009499218931547145,0.019447347390450617
1190,MAT_AC,100.0,2014-10-24 00:00:00,1964-01-01,50.0,0 - 160,1960 - 1970,16019601970,0.02413711332142534,0.019447347390450617
883,MAT_AC,100.0,2013-01-30 00:00:00,1964-01-01,49.0,0 - 160,1960 - 1970,16019601970,0.02413711332142534,0.019447347390450617
1012,MAT_AC,100.0,2013-06-29 00:00:00,1983-01-01,30.0,0 - 160,1980 - 1990,16019801990,0.009499218931547145,0.019447347390450617
124,MAT_AC,150.0,2010-07-02 00:00:00,1935-01-01,75.0,0 - 160,1930 - 1940,16019301940,0.0120901165446888,0.019447347390450617
1002,MAT_AC,100.0,2013-09-19 00:00:00,1954-01-01,59.0,0 - 160,1950 - 1960,16019501960,0.023593731428492856,0.019447347390450617
1046,MAT_AC,100.0,2013-08-17 00:00:00,1954-01-01,59.0,0 - 160,1950 - 1960,16019501960,0.023593731428492856,0.019447347390450617
1355,MAT_AC,200.0,2014-10-22 00:00:00,1969-01-01,45.0,160 - 300,1960 - 1970,16030019601970,0.0067077637583175835,0.004668884141399624
1581,MAT_AC,100.0,2015-10-16 00:00:00,1958-01-01,57.0,0 - 160,1950 - 1960,16019501960,0.023593731428492856,0.019447347390450617
729,MAT_AC,100.0,2012-10-09 00:00:00,1954-01-01,58.0,0 - 160,1950 - 1960,16019501960,0.023593731428492856,0.019447347390450617
515,MAT_AC,150.0,2011-01-30 00:00:00,1970-01-01,41.0,0 - 160,1970 - 1980,16019701980,0.021659410197919917,0.019447347390450617
2309,MAT_AC,100.0,2019-04-23 00:00:00,1962-01-01,57.0,0 - 160,1960 - 1970,16019601970,0.02413711332142534,0.019447347390450617
1935,MAT_AC,100.0,2017-10-29 00:00:00,1957-01-01,60.0,0 - 160,1950 - 1960,16019501960,0.023593731428492856,0.019447347390450617
281,MAT_AC,200.0,2010-11-12 00:00:00,1955-01-01,55.0,160 - 300,1950 - 1960,16030019501960,0.007169865387818386,0.004668884141399624
2240,MAT_AC,100.0,2019-06-25 00:00:00,1979-01-01,40.0,0 - 160,1970 - 1980,16019701980,0.021659410197919917,0.019447347390450617
160,MAT_AC,100.0,2010-06-26 00:00:00,1982-01-01,28.0,0 - 160,1980 - 1990,16019801990,0.009499218931547145,0.019447347390450617
1761,MAT_AC,100.0,2016-08-29 00:00:00,1964-01-01,52.0,0 - 160,1960 - 1970,16019601970,0.02413711332142534,0.019447347390450617
734,MAT_AC,100.0,2012-12-10 00:00:00,1962-01-01,50.0,0 - 160,1960 - 1970,16019601970,0.02413711332142534,0.019447347390450617
1244,MAT_AC,100.0,2014-01-01 00:00:00,1964-01-01,50.0,0 - 160,1960 - 1970,16019601970,0.02413711332142534,0.019447347390450617
1652,MAT_AC,100.0,2015-06-17 00:00:00,1963-01-01,52.0,0 - 160,1960 - 1970,16019601970,0.02413711332142534,0.019447347390450617
868,MAT_AC,150.0,2013-09-25 00:00:00,1961-01-01,52.0,0 - 160,1960 - 1970,16019601970,0.02413711332142534,0.019447347390450617
982,MAT_AC,300.0,2013-02-25 00:00:00,1962-01-01,51.0,300 - 1000,1960 - 1970,300100019601970,0.0034630756924591264,0.0014915573037056083
2217,MAT_AC,100.0,2019-06-04 00:00:00,1959-01-01,60.0,0 - 160,1950 - 1960,16019501960,0.023593731428492856,0.019447347390450617
388,MAT_AC,100.0,2011-10-12 00:00:00,1969-01-01,42.0,0 - 160,1960 - 1970,16019601970,0.02413711332142534,0.019447347390450617
335,MAT_AC,150.0,2011-03-11 00:00:00,1954-01-01,57.0,0 - 160,1950 - 1960,16019501960,0.023593731428492856,0.019447347390450617
1850,MAT_AC,100.0,2016-11-20 00:00:00,1974-01-01,42.0,0 - 160,1970 - 1980,16019701980,0.021659410197919917,0.019447347390450617
139,MAT_AC,100.0,2010-09-22 00:00:00,1960-01-01,50.0,0 - 160,1960 - 1970,16019601970,0.02413711332142534,0.019447347390450617
1011,MAT_AC,100.0,2013-11-14 00:00:00,1969-01-01,44.0,0 - 160,1960 - 1970,16019601970,0.02413711332142534,0.019447347390450617
2139,MAT_AC,150.0,2018-11-29 00:00:00,1970-01-01,48.0,0 - 160,1970 - 1980,16019701980,0.021659410197919917,0.019447347390450617
374,MAT_AC,100.0,2011-09-18 00:00:00,1957-01-01,54.0,0 - 160,1950 - 1960,16019501960,0.023593731428492856,0.019447347390450617
1328,MAT_AC,500.0,2014-11-20 00:00:00,1957-01-01,57.0,300 - 1000,1950 - 1960,300100019501960,0.005585329526455759,0.0014915573037056083
1123,MAT_AC,50.0,2013-10-08 00:00:00,1961-01-01,52.0,0 - 160,1960 - 1970,16019601970,0.02413711332142534,0.019447347390450617
1555,MAT_AC,100.0,2015-10-04 00:00:00,1977-01-01,38.0,0 - 160,1970 - 1980,16019701980,0.021659410197919917,0.019447347390450617
903,MAT_AC,100.0,2013-12-19 00:00:00,1989-01-01,24.0,0 - 160,1980 - 1990,16019801990,0.009499218931547145,0.019447347390450617
38,MAT_AC,100.0,2010-07-10 00:00:00,1962-01-01,48.0,0 - 160,1960 - 1970,16019601970,0.02413711332142534,0.019447347390450617
1889,MAT_AC,200.0,2016-03-23 00:00:00,1962-01-01,54.0,160 - 300,1960 - 1970,16030019601970,0.0067077637583175835,0.004668884141399624
1854,MAT_AC,150.0,2016-07-25 00:00:00,1976-01-01,40.0,0 - 160,1970 - 1980,16019701980,0.021659410197919917,0.019447347390450617
1885,MAT_AC,100.0,2016-06-07 00:00:00,1957-01-01,59.0,0 - 160,1950 - 1960,16019501960,0.023593731428492856,0.019447347390450617
1142,MAT_AC,100.0,2013-06-05 00:00:00,1954-01-01,59.0,0 - 160,1950 - 1960,16019501960,0.023593731428492856,0.019447347390450617
2192,MAT_AC,100.0,2019-02-10 00:00:00,1963-01-01,56.0,0 - 160,1960 - 1970,16019601970,0.02413711332142534,0.019447347390450617
91,MAT_AC,50.0,2010-11-20 00:00:00,1955-01-01,55.0,0 - 160,1950 - 1960,16019501960,0.023593731428492856,0.019447347390450617
458,MAT_AC,150.0,2011-05-26 00:00:00,1954-01-01,57.0,0 - 160,1950 - 1960,16019501960,0.023593731428492856,0.019447347390450617
692,MAT_AC,150.0,2012-05-26 00:00:00,1972-01-01,40.0,0 - 160,1970 - 1980,16019701980,0.021659410197919917,0.019447347390450617
1929,MAT_AC,100.0,2017-01-09 00:00:00,1959-01-01,58.0,0 - 160,1950 - 1960,16019501960,0.023593731428492856,0.019447347390450617
1690,MAT_AC,100.0,2016-08-02 00:00:00,1974-01-01,42.0,0 - 160,1970 - 1980,16019701980,0.021659410197919917,0.019447347390450617
1792,MAT_AC,100.0,2016-06-09 00:00:00,1952-01-01,64.0,0 - 160,1950 - 1960,16019501960,0.023593731428492856,0.019447347390450617
1999,MAT_AC,100.0,2017-11-22 00:00:00,1988-01-01,29.0,0 - 160,1980 - 1990,16019801990,0.009499218931547145,0.019447347390450617
396,MAT_AC,150.0,2011-06-22 00:00:00,1956-01-01,55.0,0 - 160,1950 - 1960,16019501960,0.023593731428492856,0.019447347390450617
798,MAT_AC,100.0,2012-12-08 00:00:00,1954-01-01,58.0,0 - 160,1950 - 1960,16019501960,0.023593731428492856,0.019447347390450617
1510,MAT_AC,100.0,2015-10-29 00:00:00,1973-01-01,42.0,0 - 160,1970 - 1980,16019701980,0.021659410197919917,0.019447347390450617
35,MAT_AC,200.0,2010-04-13 00:00:00,1949-01-01,61.0,160 - 300,1940 - 1950,16030019401950,0.005388586756656437,0.004668884141399624
339,MAT_AC,100.0,2011-05-17 00:00:00,1964-01-01,47.0,0 - 160,1960 - 1970,16019601970,0.02413711332142534,0.019447347390450617
910,MAT_AC,100.0,2013-06-12 00:00:00,1962-01-01,51.0,0 - 160,1960 - 1970,16019601970,0.02413711332142534,0.019447347390450617
712,MAT_AC,100.0,2012-08-20 00:00:00,1965-01-01,47.0,0 - 160,1960 - 1970,16019601970,0.02413711332142534,0.019447347390450617
2155,MAT_AC,100.0,2018-08-02 00:00:00,1972-01-01,46.0,0 - 160,1970 - 1980,16019701980,0.021659410197919917,0.019447347390450617
2214,MAT_AC,100.0,2019-07-15 00:00:00,1970-01-01,49.0,0 - 160,1970 - 1980,16019701980,0.021659410197919917,0.019447347390450617
508,MAT_AC,100.0,2011-10-05 00:00:00,1979-01-01,32.0,0 - 160,1970 - 1980,16019701980,0.021659410197919917,0.019447347390450617
298,MAT_AC,200.0,2010-06-15 00:00:00,1938-01-01,72.0,160 - 300,1930 - 1940,16030019301940,0.012121784682335806,0.004668884141399624
2123,MAT_AC,100.0,2018-05-08 00:00:00,1976-01-01,42.0,0 - 160,1970 - 1980,16019701980,0.021659410197919917,0.019447347390450617
480,MAT_AC,200.0,2011-04-21 00:00:00,1975-01-01,36.0,160 - 300,1970 - 1980,16030019701980,0.004327175435392872,0.004668884141399624
863,MAT_AC,150.0,2013-08-07 00:00:00,1961-01-01,52.0,0 - 160,1960 - 1970,16019601970,0.02413711332142534,0.019447347390450617
1804,MAT_AC,100.0,2016-08-25 00:00:00,1958-01-01,58.0,0 - 160,1950 - 1960,16019501960,0.023593731428492856,0.019447347390450617
1825,MAT_AC,150.0,2016-03-10 00:00:00,1935-01-01,81.0,0 - 160,1930 - 1940,16019301940,0.0120901165446888,0.019447347390450617
1747,MAT_AC,100.0,2016-08-29 00:00:00,1963-01-01,53.0,0 - 160,1960 - 1970,16019601970,0.02413711332142534,0.019447347390450617
1786,MAT_AC,100.0,2016-11-18 00:00:00,1972-01-01,44.0,0 - 160,1970 - 1980,16019701980,0.021659410197919917,0.019447347390450617
1630,MAT_AC,150.0,2015-03-02 00:00:00,1978-01-01,37.0,0 - 160,1970 - 1980,16019701980,0.021659410197919917,0.019447347390450617
1442,MAT_AC,100.0,2014-01-19 00:00:00,1974-01-01,40.0,0 - 160,1970 - 1980,16019701980,0.021659410197919917,0.019447347390450617
2262,MAT_AC,50.0,2019-04-27 00:00:00,1965-01-01,54.0,0 - 160,1960 - 1970,16019601970,0.02413711332142534,0.019447347390450617
123,MAT_AC,150.0,2010-04-28 00:00:00,1968-01-01,42.0,0 - 160,1960 - 1970,16019601970,0.02413711332142534,0.019447347390450617
2105,MAT_AC,150.0,2018-05-21 00:00:00,1973-01-01,45.0,0 - 160,1970 - 1980,16019701980,0.021659410197919917,0.019447347390450617
402,MAT_AC,100.0,2011-04-18 00:00:00,1958-01-01,53.0,0 - 160,1950 - 1960,16019501960,0.023593731428492856,0.019447347390450617
1773,MAT_AC,100.0,2016-10-10 00:00:00,1968-01-01,48.0,0 - 160,1960 - 1970,16019601970,0.02413711332142534,0.019447347390450617
452,MAT_AC,100.0,2011-07-27 00:00:00,1974-01-01,37.0,0 - 160,1970 - 1980,16019701980,0.021659410197919917,0.019447347390450617
33,MAT_AC,125.0,2010-09-21 00:00:00,1957-01-01,53.0,0 - 160,1950 - 1960,16019501960,0.023593731428492856,0.019447347390450617
1431,MAT_AC,160.0,2014-05-26 00:00:00,1960-01-01,54.0,160 - 300,1960 - 1970,16030019601970,0.0067077637583175835,0.004668884141399624
127,MAT_AC,100.0,2010-01-14 00:00:00,1960-01-01,50.0,0 - 160,1960 - 1970,16019601970,0.02413711332142534,0.019447347390450617
2231,MAT_AC,100.0,2019-12-31 00:00:00,1969-01-01,50.0,0 - 160,1960 - 1970,16019601970,0.02413711332142534,0.019447347390450617
1949,MAT_AC,150.0,2017-10-26 00:00:00,1973-01-01,44.0,0 - 160,1970 - 1980,16019701980,0.021659410197919917,0.019447347390450617
1438,MAT_AC,150.0,2014-10-13 00:00:00,1954-01-01,60.0,0 - 160,1950 - 1960,16019501960,0.023593731428492856,0.019447347390450617
1672,MAT_AC,100.0,2015-06-16 00:00:00,1970-01-01,45.0,0 - 160,1970 - 1980,16019701980,0.021659410197919917,0.019447347390450617
1358,MAT_AC,100.0,2014-05-28 00:00:00,1958-01-01,56.0,0 - 160,1950 - 1960,16019501960,0.023593731428492856,0.019447347390450617
782,MAT_AC,100.0,2012-05-01 00:00:00,1962-01-01,50.0,0 - 160,1960 - 1970,16019601970,0.02413711332142534,0.019447347390450617
1608,MAT_AC,150.0,2015-04-29 00:00:00,1977-01-01,38.0,0 - 160,1970 - 1980,16019701980,0.021659410197919917,0.019447347390450617
627,MAT_AC,200.0,2012-09-27 00:00:00,1972-01-01,40.0,160 - 300,1970 - 1980,16030019701980,0.004327175435392872,0.004668884141399624
57,MAT_AC,100.0,2010-01-11 00:00:00,1973-01-01,37.0,0 - 160,1970 - 1980,16019701980,0.021659410197919917,0.019447347390450617
1838,MAT_AC,100.0,2016-06-14 00:00:00,1962-01-01,54.0,0 - 160,1960 - 1970,16019601970,0.02413711332142534,0.019447347390450617
1234,MAT_AC,150.0,2014-12-01 00:00:00,1964-01-01,50.0,0 - 160,1960 - 1970,16019601970,0.02413711332142534,0.019447347390450617
2186,MAT_AC,100.0,2019-10-25 00:00:00,1962-01-01,57.0,0 - 160,1960 - 1970,16019601970,0.02413711332142534,0.019447347390450617
1030,MAT_AC,100.0,2013-06-03 00:00:00,1960-01-01,53.0,0 - 160,1960 - 1970,16019601970,0.02413711332142534,0.019447347390450617
637,MAT_AC,100.0,2012-02-18 00:00:00,1970-01-01,42.0,0 - 160,1970 - 1980,16019701980,0.021659410197919917,0.019447347390450617
90,MAT_AC,125.0,2010-06-19 00:00:00,1968-01-01,42.0,0 - 160,1960 - 1970,16019601970,0.02413711332142534,0.019447347390450617
2216,MAT_AC,100.0,2019-01-09 00:00:00,1976-01-01,43.0,0 - 160,1970 - 1980,16019701980,0.021659410197919917,0.019447347390450617
1062,MAT_AC,50.0,2013-08-22 00:00:00,1962-01-01,51.0,0 - 160,1960 - 1970,16019601970,0.02413711332142534,0.019447347390450617
1323,MAT_AC,100.0,2014-09-01 00:00:00,1981-01-01,33.0,0 - 160,1980 - 1990,16019801990,0.009499218931547145,0.019447347390450617
2221,MAT_AC,100.0,2019-08-15 00:00:00,1968-01-01,51.0,0 - 160,1960 - 1970,16019601970,0.02413711332142534,0.019447347390450617
2108,MAT_AC,100.0,2018-08-20 00:00:00,1988-01-01,30.0,0 - 160,1980 - 1990,16019801990,0.009499218931547145,0.019447347390450617
2248,MAT_AC,150.0,2019-11-30 00:00:00,1965-01-01,54.0,0 - 160,1960 - 1970,16019601970,0.02413711332142534,0.019447347390450617
514,MAT_AC,100.0,2011-11-02 00:00:00,1938-01-01,73.0,0 - 160,1930 - 1940,16019301940,0.0120901165446888,0.019447347390450617
1983,MAT_AC,50.0,2017-05-23 00:00:00,1965-01-01,52.0,0 - 160,1960 - 1970,16019601970,0.02413711332142534,0.019447347390450617
2016,MAT_AC,300.0,2017-03-26 00:00:00,1965-01-01,52.0,300 - 1000,1960 - 1970,300100019601970,0.0034630756924591264,0.0014915573037056083
1410,MAT_AC,100.0,2014-03-26 00:00:00,1964-01-01,50.0,0 - 160,1960 - 1970,16019601970,0.02413711332142534,0.019447347390450617
2230,MAT_AC,100.0,2019-01-10 00:00:00,1972-01-01,47.0,0 - 160,1970 - 1980,16019701980,0.021659410197919917,0.019447347390450617
1930,MAT_AC,100.0,2017-09-17 00:00:00,1988-01-01,29.0,0 - 160,1980 - 1990,16019801990,0.009499218931547145,0.019447347390450617
1572,MAT_AC,100.0,2015-06-11 00:00:00,1977-01-01,38.0,0 - 160,1970 - 1980,16019701980,0.021659410197919917,0.019447347390450617
2223,MAT_AC,100.0,2019-08-27 00:00:00,1960-01-01,59.0,0 - 160,1960 - 1970,16019601970,0.02413711332142534,0.019447347390450617
416,MAT_AC,100.0,2011-09-10 00:00:00,1985-01-01,26.0,0 - 160,1980 - 1990,16019801990,0.009499218931547145,0.019447347390450617
2068,MAT_AC,100.0,2018-07-31 00:00:00,1963-01-01,55.0,0 - 160,1960 - 1970,16019601970,0.02413711332142534,0.019447347390450617
392,MAT_AC,100.0,2011-02-18 00:00:00,1958-01-01,53.0,0 - 160,1950 - 1960,16019501960,0.023593731428492856,0.019447347390450617
1662,MAT_AC,150.0,2015-01-21 00:00:00,1963-01-01,52.0,0 - 160,1960 - 1970,16019601970,0.02413711332142534,0.019447347390450617
1698,MAT_AC,100.0,2016-03-21 00:00:00,1968-01-01,48.0,0 - 160,1960 - 1970,16019601970,0.02413711332142534,0.019447347390450617
1795,MAT_AC,150.0,2016-10-14 00:00:00,1957-01-01,59.0,0 - 160,1950 - 1960,16019501960,0.023593731428492856,0.019447347390450617
289,MAT_AC,100.0,2010-06-10 00:00:00,1972-01-01,38.0,0 - 160,1970 - 1980,16019701980,0.021659410197919917,0.019447347390450617
629,MAT_AC,100.0,2012-04-27 00:00:00,1954-01-01,58.0,0 - 160,1950 - 1960,16019501960,0.023593731428492856,0.019447347390450617
1676,MAT_AC,100.0,2015-05-10 00:00:00,1963-01-01,52.0,0 - 160,1960 - 1970,16019601970,0.02413711332142534,0.019447347390450617
265,MAT_AC,100.0,2010-12-04 00:00:00,1985-01-01,25.0,0 - 160,1980 - 1990,16019801990,0.009499218931547145,0.019447347390450617
1177,MAT_AC,100.0,2013-08-22 00:00:00,1978-01-01,35.0,0 - 160,1970 - 1980,16019701980,0.021659410197919917,0.019447347390450617
1174,MAT_AC,100.0,2013-06-11 00:00:00,1979-01-01,34.0,0 - 160,1970 - 1980,16019701980,0.021659410197919917,0.019447347390450617
1585,MAT_AC,100.0,2015-07-09 00:00:00,1976-01-01,39.0,0 - 160,1970 - 1980,16019701980,0.021659410197919917,0.019447347390450617
315,MAT_AC,200.0,2011-12-13 00:00:00,1979-01-01,32.0,160 - 300,1970 - 1980,16030019701980,0.004327175435392872,0.004668884141399624
144,MAT_AC,150.0,2010-01-13 00:00:00,1981-01-01,29.0,0 - 160,1980 - 1990,16019801990,0.009499218931547145,0.019447347390450617
391,MAT_AC,150.0,2011-09-20 00:00:00,1957-01-01,54.0,0 - 160,1950 - 1960,16019501960,0.023593731428492856,0.019447347390450617
1133,MAT_AC,125.0,2013-10-01 00:00:00,1963-01-01,50.0,0 - 160,1960 - 1970,16019601970,0.02413711332142534,0.019447347390450617
2212,MAT_AC,100.0,2019-07-28 00:00:00,1981-01-01,38.0,0 - 160,1980 - 1990,16019801990,0.009499218931547145,0.019447347390450617
560,MAT_AC,100.0,2012-07-06 00:00:00,1955-01-01,57.0,0 - 160,1950 - 1960,16019501960,0.023593731428492856,0.019447347390450617
1955,MAT_AC,100.0,2017-12-12 00:00:00,1973-01-01,44.0,0 - 160,1970 - 1980,16019701980,0.021659410197919917,0.019447347390450617
1807,MAT_AC,150.0,2016-08-01 00:00:00,1976-01-01,40.0,0 - 160,1970 - 1980,16019701980,0.021659410197919917,0.019447347390450617
16,MAT_AC,100.0,2010-06-26 00:00:00,1959-01-01,51.0,0 - 160,1950 - 1960,16019501960,0.023593731428492856,0.019447347390450617
1909,MAT_AC,100.0,2016-03-30 00:00:00,1961-01-01,55.0,0 - 160,1960 - 1970,16019601970,0.02413711332142534,0.019447347390450617
89,MAT_AC,100.0,2010-03-02 00:00:00,1950-01-01,60.0,0 - 160,1950 - 1960,16019501960,0.023593731428492856,0.019447347390450617
1277,MAT_AC,150.0,2014-02-27 00:00:00,1957-01-01,57.0,0 - 160,1950 - 1960,16019501960,0.023593731428492856,0.019447347390450617
709,MAT_AC,100.0,2012-02-08 00:00:00,1967-01-01,45.0,0 - 160,1960 - 1970,16019601970,0.02413711332142534,0.019447347390450617
866,MAT_AC,150.0,2013-05-16 00:00:00,1956-01-01,57.0,0 - 160,1950 - 1960,16019501960,0.023593731428492856,0.019447347390450617
1776,MAT_AC,100.0,2016-10-18 00:00:00,1983-01-01,33.0,0 - 160,1980 - 1990,16019801990,0.009499218931547145,0.019447347390450617
1556,MAT_AC,100.0,2015-09-07 00:00:00,1979-01-01,36.0,0 - 160,1970 - 1980,16019701980,0.021659410197919917,0.019447347390450617
1668,MAT_AC,100.0,2015-08-05 00:00:00,1963-01-01,52.0,0 - 160,1960 - 1970,16019601970,0.02413711332142534,0.019447347390450617
2165,MAT_AC,100.0,2018-01-18 00:00:00,1962-01-01,56.0,0 - 160,1960 - 1970,16019601970,0.02413711332142534,0.019447347390450617
1740,MAT_AC,150.0,2016-04-07 00:00:00,1960-01-01,56.0,0 - 160,1960 - 1970,16019601970,0.02413711332142534,0.019447347390450617
731,MAT_AC,100.0,2012-08-04 00:00:00,1973-01-01,39.0,0 - 160,1970 - 1980,16019701980,0.021659410197919917,0.019447347390450617
1642,MAT_AC,50.0,2015-06-04 00:00:00,1963-01-01,52.0,0 - 160,1960 - 1970,16019601970,0.02413711332142534,0.019447347390450617
848,MAT_AC,100.0,2012-06-04 00:00:00,1971-01-01,41.0,0 - 160,1970 - 1980,16019701980,0.021659410197919917,0.019447347390450617
1158,MAT_AC,300.0,2013-08-12 00:00:00,1962-01-01,51.0,300 - 1000,1960 - 1970,300100019601970,0.0034630756924591264,0.0014915573037056083
390,MAT_AC,200.0,2011-04-20 00:00:00,1964-01-01,47.0,160 - 300,1960 - 1970,16030019601970,0.0067077637583175835,0.004668884141399624
1852,MAT_AC,150.0,2016-09-16 00:00:00,1974-01-01,42.0,0 - 160,1970 - 1980,16019701980,0.021659410197919917,0.019447347390450617
2057,MAT_AC,100.0,2018-07-10 00:00:00,1972-01-01,46.0,0 - 160,1970 - 1980,16019701980,0.021659410197919917,0.019447347390450617
1515,MAT_AC,100.0,2015-08-13 00:00:00,1978-01-01,37.0,0 - 160,1970 - 1980,16019701980,0.021659410197919917,0.019447347390450617
2063,MAT_AC,100.0,2018-02-26 00:00:00,1961-01-01,57.0,0 - 160,1960 - 1970,16019601970,0.02413711332142534,0.019447347390450617
1371,MAT_AC,150.0,2014-12-02 00:00:00,1957-01-01,57.0,0 - 160,1950 - 1960,16019501960,0.023593731428492856,0.019447347390450617
384,MAT_AC,100.0,2011-02-10 00:00:00,1969-01-01,42.0,0 - 160,1960 - 1970,16019601970,0.02413711332142534,0.019447347390450617
382,MAT_AC,100.0,2011-11-29 00:00:00,1961-01-01,50.0,0 - 160,1960 - 1970,16019601970,0.02413711332142534,0.019447347390450617
1742,MAT_AC,100.0,2016-03-16 00:00:00,1955-01-01,61.0,0 - 160,1950 - 1960,16019501960,0.023593731428492856,0.019447347390450617
2144,MAT_AC,100.0,2018-04-09 00:00:00,1976-01-01,42.0,0 - 160,1970 - 1980,16019701980,0.021659410197919917,0.019447347390450617
1812,MAT_AC,100.0,2016-10-10 00:00:00,1968-01-01,48.0,0 - 160,1960 - 1970,16019601970,0.02413711332142534,0.019447347390450617
1001,MAT_AC,100.0,2013-10-27 00:00:00,1961-01-01,52.0,0 - 160,1960 - 1970,16019601970,0.02413711332142534,0.019447347390450617
1309,MAT_AC,100.0,2014-02-14 00:00:00,1957-01-01,57.0,0 - 160,1950 - 1960,16019501960,0.023593731428492856,0.019447347390450617
926,MAT_AC,100.0,2013-10-17 00:00:00,1964-01-01,49.0,0 - 160,1960 - 1970,16019601970,0.02413711332142534,0.019447347390450617
496,MAT_AC,100.0,2011-09-29 00:00:00,1970-01-01,41.0,0 - 160,1970 - 1980,16019701980,0.021659410197919917,0.019447347390450617
329,MAT_AC,100.0,2011-07-11 00:00:00,1982-01-01,29.0,0 - 160,1980 - 1990,16019801990,0.009499218931547145,0.019447347390450617
2002,MAT_AC,200.0,2017-10-16 00:00:00,1970-01-01,47.0,160 - 300,1970 - 1980,16030019701980,0.004327175435392872,0.004668884141399624
1638,MAT_AC,100.0,2015-05-29 00:00:00,1972-01-01,43.0,0 - 160,1970 - 1980,16019701980,0.021659410197919917,0.019447347390450617
375,MAT_AC,300.0,2011-07-26 00:00:00,1960-01-01,51.0,300 - 1000,1960 - 1970,300100019601970,0.0034630756924591264,0.0014915573037056083
2204,MAT_AC,100.0,2019-05-02 00:00:00,1970-01-01,49.0,0 - 160,1970 - 1980,16019701980,0.021659410197919917,0.019447347390450617
531,MAT_AC,100.0,2011-12-12 00:00:00,1979-01-01,32.0,0 - 160,1970 - 1980,16019701980,0.021659410197919917,0.019447347390450617
1640,MAT_AC,100.0,2015-11-03 00:00:00,1973-01-01,42.0,0 - 160,1970 - 1980,16019701980,0.021659410197919917,0.019447347390450617
776,MAT_AC,50.0,2012-04-16 00:00:00,1962-01-01,50.0,0 - 160,1960 - 1970,16019601970,0.02413711332142534,0.019447347390450617
819,MAT_AC,150.0,2012-10-02 00:00:00,1961-01-01,51.0,0 - 160,1960 - 1970,16019601970,0.02413711332142534,0.019447347390450617
1125,MAT_AC,100.0,2013-06-22 00:00:00,1967-01-01,46.0,0 - 160,1960 - 1970,16019601970,0.02413711332142534,0.019447347390450617
326,MAT_AC,100.0,2011-07-22 00:00:00,1961-01-01,50.0,0 - 160,1960 - 1970,16019601970,0.02413711332142534,0.019447347390450617
492,MAT_AC,200.0,2011-09-12 00:00:00,1962-01-01,49.0,160 - 300,1960 - 1970,16030019601970,0.0067077637583175835,0.004668884141399624
543,MAT_AC,50.0,2011-03-09 00:00:00,1964-01-01,47.0,0 - 160,1960 - 1970,16019601970,0.02413711332142534,0.019447347390450617
1236,MAT_AC,200.0,2014-08-19 00:00:00,1980-01-01,34.0,160 - 300,1980 - 1990,16030019801990,0.003549969875818495,0.004668884141399624
694,MAT_AC,50.0,2012-09-13 00:00:00,1971-01-01,41.0,0 - 160,1970 - 1980,16019701980,0.021659410197919917,0.019447347390450617
1160,MAT_AC,150.0,2013-03-26 00:00:00,1960-01-01,53.0,0 - 160,1960 - 1970,16019601970,0.02413711332142534,0.019447347390450617
2056,MAT_AC,100.0,2018-08-06 00:00:00,1986-01-01,32.0,0 - 160,1980 - 1990,16019801990,0.009499218931547145,0.019447347390450617
344,MAT_AC,200.0,2011-10-16 00:00:00,1963-01-01,48.0,160 - 300,1960 - 1970,16030019601970,0.0067077637583175835,0.004668884141399624
1693,MAT_AC,100.0,2016-12-06 00:00:00,1984-01-01,32.0,0 - 160,1980 - 1990,16019801990,0.009499218931547145,0.019447347390450617
1131,MAT_AC,150.0,2013-05-30 00:00:00,1989-01-01,24.0,0 - 160,1980 - 1990,16019801990,0.009499218931547145,0.019447347390450617
1842,MAT_AC,100.0,2016-10-10 00:00:00,1953-01-01,63.0,0 - 160,1950 - 1960,16019501960,0.023593731428492856,0.019447347390450617
2288,MAT_AC,100.0,2019-11-13 00:00:00,1991-01-01,28.0,0 - 160,1990 - 2000,16019902000,0.010718391292134262,0.019447347390450617
2113,MAT_AC,100.0,2018-01-30 00:00:00,1966-01-01,52.0,0 - 160,1960 - 1970,16019601970,0.02413711332142534,0.019447347390450617
610,MAT_AC,100.0,2012-08-31 00:00:00,1971-01-01,41.0,0 - 160,1970 - 1980,16019701980,0.021659410197919917,0.019447347390450617
1706,MAT_AC,100.0,2016-01-05 00:00:00,1972-01-01,44.0,0 - 160,1970 - 1980,16019701980,0.021659410197919917,0.019447347390450617
2119,MAT_AC,100.0,2018-03-05 00:00:00,1964-01-01,54.0,0 - 160,1960 - 1970,16019601970,0.02413711332142534,0.019447347390450617
1789,MAT_AC,100.0,2016-12-31 00:00:00,1960-01-01,56.0,0 - 160,1960 - 1970,16019601970,0.02413711332142534,0.019447347390450617
2175,MAT_AC,100.0,2018-02-07 00:00:00,1980-01-01,38.0,0 - 160,1980 - 1990,16019801990,0.009499218931547145,0.019447347390450617
1670,MAT_AC,100.0,2015-02-12 00:00:00,1978-01-01,37.0,0 - 160,1970 - 1980,16019701980,0.021659410197919917,0.019447347390450617
1942,MAT_AC,150.0,2017-02-13 00:00:00,1974-01-01,43.0,0 - 160,1970 - 1980,16019701980,0.021659410197919917,0.019447347390450617
2234,MAT_AC,100.0,2019-06-19 00:00:00,1976-01-01,43.0,0 - 160,1970 - 1980,16019701980,0.021659410197919917,0.019447347390450617
1102,MAT_AC,100.0,2013-09-18 00:00:00,1980-01-01,33.0,0 - 160,1980 - 1990,16019801990,0.009499218931547145,0.019447347390450617
2233,MAT_AC,100.0,2019-03-02 00:00:00,1955-01-01,64.0,0 - 160,1950 - 1960,16019501960,0.023593731428492856,0.019447347390450617
1428,MAT_AC,100.0,2014-03-29 00:00:00,1971-01-01,43.0,0 - 160,1970 - 1980,16019701980,0.021659410197919917,0.019447347390450617
742,MAT_AC,100.0,2012-10-05 00:00:00,1964-01-01,48.0,0 - 160,1960 - 1970,16019601970,0.02413711332142534,0.019447347390450617
1903,MAT_AC,100.0,2016-06-30 00:00:00,1971-01-01,45.0,0 - 160,1970 - 1980,16019701980,0.021659410197919917,0.019447347390450617
1239,MAT_AC,100.0,2014-09-20 00:00:00,1955-01-01,59.0,0 - 160,1950 - 1960,16019501960,0.023593731428492856,0.019447347390450617
1391,MAT_AC,100.0,2014-07-22 00:00:00,1961-01-01,53.0,0 - 160,1960 - 1970,16019601970,0.02413711332142534,0.019447347390450617
290,MAT_AC,100.0,2010-05-21 00:00:00,1963-01-01,47.0,0 - 160,1960 - 1970,16019601970,0.02413711332142534,0.019447347390450617
1806,MAT_AC,100.0,2016-04-13 00:00:00,1972-01-01,44.0,0 - 160,1970 - 1980,16019701980,0.021659410197919917,0.019447347390450617
651,MAT_AC,150.0,2012-06-05 00:00:00,1954-01-01,58.0,0 - 160,1950 - 1960,16019501960,0.023593731428492856,0.019447347390450617
2024,MAT_AC,100.0,2018-07-07 00:00:00,1969-01-01,49.0,0 - 160,1960 - 1970,16019601970,0.02413711332142534,0.019447347390450617
1636,MAT_AC,150.0,2015-05-12 00:00:00,1960-01-01,55.0,0 - 160,1960 - 1970,16019601970,0.02413711332142534,0.019447347390450617
1764,MAT_AC,150.0,2016-08-09 00:00:00,1958-01-01,58.0,0 - 160,1950 - 1960,16019501960,0.023593731428492856,0.019447347390450617
1057,MAT_AC,100.0,2013-08-20 00:00:00,1978-01-01,35.0,0 - 160,1970 - 1980,16019701980,0.021659410197919917,0.019447347390450617
2258,MAT_AC,125.0,2019-06-23 00:00:00,1965-01-01,54.0,0 - 160,1960 - 1970,16019601970,0.02413711332142534,0.019447347390450617
1954,MAT_AC,100.0,2017-09-10 00:00:00,1969-01-01,48.0,0 - 160,1960 - 1970,16019601970,0.02413711332142534,0.019447347390450617
653,MAT_AC,100.0,2012-12-15 00:00:00,1962-01-01,50.0,0 - 160,1960 - 1970,16019601970,0.02413711332142534,0.019447347390450617
1846,MAT_AC,100.0,2016-01-14 00:00:00,1971-01-01,45.0,0 - 160,1970 - 1980,16019701980,0.021659410197919917,0.019447347390450617
1774,MAT_AC,200.0,2016-11-09 00:00:00,1961-01-01,55.0,160 - 300,1960 - 1970,16030019601970,0.0067077637583175835,0.004668884141399624
896,MAT_AC,125.0,2013-05-27 00:00:00,1960-01-01,53.0,0 - 160,1960 - 1970,16019601970,0.02413711332142534,0.019447347390450617
1726,MAT_AC,100.0,2016-10-19 00:00:00,1959-01-01,57.0,0 - 160,1950 - 1960,16019501960,0.023593731428492856,0.019447347390450617
1149,MAT_AC,100.0,2013-08-08 00:00:00,1983-01-01,30.0,0 - 160,1980 - 1990,16019801990,0.009499218931547145,0.019447347390450617
2078,MAT_AC,100.0,2018-06-19 00:00:00,1977-01-01,41.0,0 - 160,1970 - 1980,16019701980,0.021659410197919917,0.019447347390450617
1018,MAT_AC,200.0,2013-02-27 00:00:00,1964-01-01,49.0,160 - 300,1960 - 1970,16030019601970,0.0067077637583175835,0.004668884141399624
723,MAT_AC,100.0,2012-09-11 00:00:00,1990-01-01,22.0,0 - 160,1990 - 2000,16019902000,0.010718391292134262,0.019447347390450617
1677,MAT_AC,50.0,2015-07-18 00:00:00,1967-01-01,48.0,0 - 160,1960 - 1970,16019601970,0.02413711332142534,0.019447347390450617
1687,MAT_AC,250.0,2016-07-12 00:00:00,1956-01-01,60.0,160 - 300,1950 - 1960,16030019501960,0.007169865387818386,0.004668884141399624
781,MAT_AC,100.0,2012-11-04 00:00:00,1951-01-01,61.0,0 - 160,1950 - 1960,16019501960,0.023593731428492856,0.019447347390450617
1068,MAT_AC,100.0,2013-01-25 00:00:00,1949-01-01,64.0,0 - 160,1940 - 1950,16019401950,0.03147109930130199,0.019447347390450617
1098,MAT_AC,100.0,2013-10-26 00:00:00,1972-01-01,41.0,0 - 160,1970 - 1980,16019701980,0.021659410197919917,0.019447347390450617
623,MAT_AC,100.0,2012-10-03 00:00:00,1952-01-01,60.0,0 - 160,1950 - 1960,16019501960,0.023593731428492856,0.019447347390450617
2190,MAT_AC,100.0,2019-12-20 00:00:00,1978-01-01,41.0,0 - 160,1970 - 1980,16019701980,0.021659410197919917,0.019447347390450617
1893,MAT_AC,150.0,2016-01-14 00:00:00,1976-01-01,40.0,0 - 160,1970 - 1980,16019701980,0.021659410197919917,0.019447347390450617
1331,MAT_AC,100.0,2014-06-11 00:00:00,1954-01-01,60.0,0 - 160,1950 - 1960,16019501960,0.023593731428492856,0.019447347390450617
998,MAT_AC,250.0,2013-04-08 00:00:00,1978-01-01,35.0,160 - 300,1970 - 1980,16030019701980,0.004327175435392872,0.004668884141399624
1415,MAT_AC,100.0,2014-03-06 00:00:00,1972-01-01,42.0,0 - 160,1970 - 1980,16019701980,0.021659410197919917,0.019447347390450617
1699,MAT_AC,250.0,2016-07-21 00:00:00,1958-01-01,58.0,160 - 300,1950 - 1960,16030019501960,0.007169865387818386,0.004668884141399624
2265,MAT_AC,100.0,2019-06-03 00:00:00,1969-01-01,50.0,0 - 160,1960 - 1970,16019601970,0.02413711332142534,0.019447347390450617
2161,MAT_AC,150.0,2018-09-07 00:00:00,1955-01-01,63.0,0 - 160,1950 - 1960,16019501960,0.023593731428492856,0.019447347390450617
2166,MAT_AC,100.0,2018-10-30 00:00:00,1976-01-01,42.0,0 - 160,1970 - 1980,16019701980,0.021659410197919917,0.019447347390450617
1661,MAT_AC,100.0,2015-06-13 00:00:00,1967-01-01,48.0,0 - 160,1960 - 1970,16019601970,0.02413711332142534,0.019447347390450617
1986,MAT_AC,100.0,2017-09-05 00:00:00,1983-01-01,34.0,0 - 160,1980 - 1990,16019801990,0.009499218931547145,0.019447347390450617
1723,MAT_AC,100.0,2016-09-14 00:00:00,1965-01-01,51.0,0 - 160,1960 - 1970,16019601970,0.02413711332142534,0.019447347390450617
1962,MAT_AC,100.0,2017-12-10 00:00:00,1979-01-01,38.0,0 - 160,1970 - 1980,16019701980,0.021659410197919917,0.019447347390450617
1532,MAT_AC,100.0,2015-05-06 00:00:00,1950-01-01,65.0,0 - 160,1950 - 1960,16019501960,0.023593731428492856,0.019447347390450617
2203,MAT_AC,100.0,2019-06-22 00:00:00,1968-01-01,51.0,0 - 160,1960 - 1970,16019601970,0.02413711332142534,0.019447347390450617
1567,MAT_AC,100.0,2015-06-10 00:00:00,1970-01-01,45.0,0 - 160,1970 - 1980,16019701980,0.021659410197919917,0.019447347390450617
221,MAT_AC,100.0,2010-05-10 00:00:00,1988-01-01,22.0,0 - 160,1980 - 1990,16019801990,0.009499218931547145,0.019447347390450617
687,MAT_AC,100.0,2012-11-27 00:00:00,1974-01-01,38.0,0 - 160,1970 - 1980,16019701980,0.021659410197919917,0.019447347390450617
1818,MAT_AC,100.0,2016-09-07 00:00:00,1970-01-01,46.0,0 - 160,1970 - 1980,16019701980,0.021659410197919917,0.019447347390450617
404,MAT_AC,100.0,2011-06-28 00:00:00,1961-01-01,50.0,0 - 160,1960 - 1970,16019601970,0.02413711332142534,0.019447347390450617
1451,MAT_AC,100.0,2014-08-03 00:00:00,1972-01-01,42.0,0 - 160,1970 - 1980,16019701980,0.021659410197919917,0.019447347390450617
88,MAT_AC,200.0,2010-08-10 00:00:00,1979-01-01,31.0,160 - 300,1970 - 1980,16030019701980,0.004327175435392872,0.004668884141399624
1491,MAT_AC,100.0,2015-09-16 00:00:00,1958-01-01,57.0,0 - 160,1950 - 1960,16019501960,0.023593731428492856,0.019447347390450617
451,MAT_AC,100.0,2011-05-21 00:00:00,1970-01-01,41.0,0 - 160,1970 - 1980,16019701980,0.021659410197919917,0.019447347390450617
1738,MAT_AC,400.0,2016-12-28 00:00:00,1965-01-01,51.0,300 - 1000,1960 - 1970,300100019601970,0.0034630756924591264,0.0014915573037056083
2146,MAT_AC,100.0,2018-11-24 00:00:00,1980-01-01,38.0,0 - 160,1980 - 1990,16019801990,0.009499218931547145,0.019447347390450617
1963,MAT_AC,100.0,2017-05-20 00:00:00,1965-01-01,52.0,0 - 160,1960 - 1970,16019601970,0.02413711332142534,0.019447347390450617
2167,MAT_AC,100.0,2018-12-09 00:00:00,1963-01-01,55.0,0 - 160,1960 - 1970,16019601970,0.02413711332142534,0.019447347390450617
1884,MAT_AC,50.0,2016-11-06 00:00:00,1960-01-01,56.0,0 - 160,1960 - 1970,16019601970,0.02413711332142534,0.019447347390450617
245,MAT_AC,100.0,2010-03-31 00:00:00,1964-01-01,46.0,0 - 160,1960 - 1970,16019601970,0.02413711332142534,0.019447347390450617
1545,MAT_AC,100.0,2015-11-06 00:00:00,1937-01-01,78.0,0 - 160,1930 - 1940,16019301940,0.0120901165446888,0.019447347390450617
678,MAT_AC,150.0,2012-11-20 00:00:00,1981-01-01,31.0,0 - 160,1980 - 1990,16019801990,0.009499218931547145,0.019447347390450617
1900,MAT_AC,150.0,2016-12-24 00:00:00,1973-01-01,43.0,0 - 160,1970 - 1980,16019701980,0.021659410197919917,0.019447347390450617
1561,MAT_AC,100.0,2015-02-27 00:00:00,1970-01-01,45.0,0 - 160,1970 - 1980,16019701980,0.021659410197919917,0.019447347390450617
1805,MAT_AC,100.0,2016-12-12 00:00:00,1971-01-01,45.0,0 - 160,1970 - 1980,16019701980,0.021659410197919917,0.019447347390450617
1299,MAT_AC,150.0,2014-05-30 00:00:00,1955-01-01,59.0,0 - 160,1950 - 1960,16019501960,0.023593731428492856,0.019447347390450617
1524,MAT_AC,125.0,2015-08-23 00:00:00,1962-01-01,53.0,0 - 160,1960 - 1970,16019601970,0.02413711332142534,0.019447347390450617
2037,MAT_AC,100.0,2018-05-30 00:00:00,1965-01-01,53.0,0 - 160,1960 - 1970,16019601970,0.02413711332142534,0.019447347390450617
550,MAT_AC,50.0,2011-07-27 00:00:00,1960-01-01,51.0,0 - 160,1960 - 1970,16019601970,0.02413711332142534,0.019447347390450617
1109,MAT_AC,300.0,2013-01-18 00:00:00,1974-01-01,39.0,300 - 1000,1970 - 1980,300100019701980,0.00031314119919218766,0.0014915573037056083
1119,MAT_AC,100.0,2013-02-06 00:00:00,1970-01-01,43.0,0 - 160,1970 - 1980,16019701980,0.021659410197919917,0.019447347390450617
2245,MAT_AC,100.0,2019-07-03 00:00:00,1970-01-01,49.0,0 - 160,1970 - 1980,16019701980,0.021659410197919917,0.019447347390450617
599,MAT_AC,100.0,2012-10-06 00:00:00,1983-01-01,29.0,0 - 160,1980 - 1990,16019801990,0.009499218931547145,0.019447347390450617
10,MAT_AC,100.0,2010-07-19 00:00:00,1968-01-01,42.0,0 - 160,1960 - 1970,16019601970,0.02413711332142534,0.019447347390450617
1709,MAT_AC,100.0,2016-12-07 00:00:00,1966-01-01,50.0,0 - 160,1960 - 1970,16019601970,0.02413711332142534,0.019447347390450617
2077,MAT_AC,100.0,2018-07-04 00:00:00,1979-01-01,39.0,0 - 160,1970 - 1980,16019701980,0.021659410197919917,0.019447347390450617
1646,MAT_AC,150.0,2015-12-23 00:00:00,1991-01-01,24.0,0 - 160,1990 - 2000,16019902000,0.010718391292134262,0.019447347390450617
1892,MAT_AC,100.0,2016-09-23 00:00:00,1964-01-01,52.0,0 - 160,1960 - 1970,16019601970,0.02413711332142534,0.019447347390450617
1508,MAT_AC,100.0,2015-10-27 00:00:00,1986-01-01,29.0,0 - 160,1980 - 1990,16019801990,0.009499218931547145,0.019447347390450617
1867,MAT_AC,100.0,2016-10-02 00:00:00,1991-01-01,25.0,0 - 160,1990 - 2000,16019902000,0.010718391292134262,0.019447347390450617
1790,MAT_AC,250.0,2016-01-01 00:00:00,1986-01-01,29.0,160 - 300,1980 - 1990,16030019801990,0.003549969875818495,0.004668884141399624
254,MAT_AC,150.0,2010-03-04 00:00:00,1957-01-01,53.0,0 - 160,1950 - 1960,16019501960,0.023593731428492856,0.019447347390450617
1870,MAT_AC,150.0,2016-11-19 00:00:00,1983-01-01,33.0,0 - 160,1980 - 1990,16019801990,0.009499218931547145,0.019447347390450617
1560,MAT_AC,100.0,2015-03-11 00:00:00,1978-01-01,37.0,0 - 160,1970 - 1980,16019701980,0.021659410197919917,0.019447347390450617
1139,MAT_AC,100.0,2013-12-08 00:00:00,1977-01-01,36.0,0 - 160,1970 - 1980,16019701980,0.021659410197919917,0.019447347390450617
1408,MAT_AC,100.0,2014-12-16 00:00:00,1975-01-01,39.0,0 - 160,1970 - 1980,16019701980,0.021659410197919917,0.019447347390450617
126,MAT_AC,100.0,2010-01-15 00:00:00,1967-01-01,43.0,0 - 160,1960 - 1970,16019601970,0.02413711332142534,0.019447347390450617
83,MAT_AC,100.0,2010-07-16 00:00:00,1957-01-01,53.0,0 - 160,1950 - 1960,16019501960,0.023593731428492856,0.019447347390450617
539,MAT_AC,250.0,2011-08-02 00:00:00,1958-01-01,53.0,160 - 300,1950 - 1960,16030019501960,0.007169865387818386,0.004668884141399624
359,MAT_AC,100.0,2011-11-17 00:00:00,1982-01-01,29.0,0 - 160,1980 - 1990,16019801990,0.009499218931547145,0.019447347390450617
58,MAT_AC,200.0,2010-12-29 00:00:00,1979-01-01,31.0,160 - 300,1970 - 1980,16030019701980,0.004327175435392872,0.004668884141399624
2040,MAT_AC,100.0,2018-12-21 00:00:00,1969-01-01,49.0,0 - 160,1960 - 1970,16019601970,0.02413711332142534,0.019447347390450617
642,MAT_AC,100.0,2012-03-22 00:00:00,1951-01-01,61.0,0 - 160,1950 - 1960,16019501960,0.023593731428492856,0.019447347390450617
1375,MAT_AC,300.0,2014-11-04 00:00:00,1965-01-01,49.0,300 - 1000,1960 - 1970,300100019601970,0.0034630756924591264,0.0014915573037056083
1979,MAT_AC,100.0,2017-01-05 00:00:00,1962-01-01,55.0,0 - 160,1960 - 1970,16019601970,0.02413711332142534,0.019447347390450617
1081,MAT_AC,100.0,2013-09-21 00:00:00,1990-01-01,23.0,0 - 160,1990 - 2000,16019902000,0.010718391292134262,0.019447347390450617
799,MAT_AC,100.0,2012-02-09 00:00:00,1979-01-01,33.0,0 - 160,1970 - 1980,16019701980,0.021659410197919917,0.019447347390450617
1171,MAT_AC,150.0,2013-08-30 00:00:00,1961-01-01,52.0,0 - 160,1960 - 1970,16019601970,0.02413711332142534,0.019447347390450617
1772,MAT_AC,250.0,2016-11-23 00:00:00,1960-01-01,56.0,160 - 300,1960 - 1970,16030019601970,0.0067077637583175835,0.004668884141399624
1108,MAT_AC,100.0,2013-09-18 00:00:00,1967-01-01,46.0,0 - 160,1960 - 1970,16019601970,0.02413711332142534,0.019447347390450617
1602,MAT_AC,100.0,2015-07-21 00:00:00,1943-01-01,72.0,0 - 160,1940 - 1950,16019401950,0.03147109930130199,0.019447347390450617
1394,MAT_AC,150.0,2014-08-18 00:00:00,1981-01-01,33.0,0 - 160,1980 - 1990,16019801990,0.009499218931547145,0.019447347390450617
365,MAT_AC,100.0,2011-06-23 00:00:00,1952-01-01,59.0,0 - 160,1950 - 1960,16019501960,0.023593731428492856,0.019447347390450617
165,MAT_AC,50.0,2010-04-12 00:00:00,1961-01-01,49.0,0 - 160,1960 - 1970,16019601970,0.02413711332142534,0.019447347390450617
1329,MAT_AC,100.0,2014-09-13 00:00:00,1988-01-01,26.0,0 - 160,1980 - 1990,16019801990,0.009499218931547145,0.019447347390450617
1725,MAT_AC,100.0,2016-08-29 00:00:00,1959-01-01,57.0,0 - 160,1950 - 1960,16019501960,0.023593731428492856,0.019447347390450617
341,MAT_AC,100.0,2011-07-28 00:00:00,1974-01-01,37.0,0 - 160,1970 - 1980,16019701980,0.021659410197919917,0.019447347390450617
2243,MAT_AC,100.0,2019-04-13 00:00:00,1978-01-01,41.0,0 - 160,1970 - 1980,16019701980,0.021659410197919917,0.019447347390450617
1445,MAT_AC,100.0,2014-03-19 00:00:00,1943-01-01,71.0,0 - 160,1940 - 1950,16019401950,0.03147109930130199,0.019447347390450617
170,MAT_AC,100.0,2010-09-02 00:00:00,1935-01-01,75.0,0 - 160,1930 - 1940,16019301940,0.0120901165446888,0.019447347390450617
29,MAT_AC,200.0,2010-12-10 00:00:00,1968-01-01,42.0,160 - 300,1960 - 1970,16030019601970,0.0067077637583175835,0.004668884141399624
401,MAT_AC,100.0,2011-11-23 00:00:00,1966-01-01,45.0,0 - 160,1960 - 1970,16019601970,0.02413711332142534,0.019447347390450617
93,MAT_AC,100.0,2010-10-14 00:00:00,1954-01-01,56.0,0 - 160,1950 - 1960,16019501960,0.023593731428492856,0.019447347390450617
1383,MAT_AC,100.0,2014-01-03 00:00:00,1962-01-01,52.0,0 - 160,1960 - 1970,16019601970,0.02413711332142534,0.019447347390450617
1082,MAT_AC,100.0,2013-03-18 00:00:00,1955-01-01,58.0,0 - 160,1950 - 1960,16019501960,0.023593731428492856,0.019447347390450617
497,MAT_AC,100.0,2011-07-15 00:00:00,1966-01-01,45.0,0 - 160,1960 - 1970,16019601970,0.02413711332142534,0.019447347390450617
1951,MAT_AC,100.0,2017-01-16 00:00:00,1970-01-01,47.0,0 - 160,1970 - 1980,16019701980,0.021659410197919917,0.019447347390450617
593,MAT_AC,150.0,2012-05-10 00:00:00,1971-01-01,41.0,0 - 160,1970 - 1980,16019701980,0.021659410197919917,0.019447347390450617
2031,MAT_AC,100.0,2018-07-10 00:00:00,1967-01-01,51.0,0 - 160,1960 - 1970,16019601970,0.02413711332142534,0.019447347390450617
143,MAT_AC,300.0,2010-11-07 00:00:00,1965-01-01,45.0,300 - 1000,1960 - 1970,300100019601970,0.0034630756924591264,0.0014915573037056083
967,MAT_AC,100.0,2013-09-08 00:00:00,1976-01-01,37.0,0 - 160,1970 - 1980,16019701980,0.021659410197919917,0.019447347390450617
1915,MAT_AC,100.0,2017-10-13 00:00:00,1964-01-01,53.0,0 - 160,1960 - 1970,16019601970,0.02413711332142534,0.019447347390450617
1857,MAT_AC,100.0,2016-10-08 00:00:00,1961-01-01,55.0,0 - 160,1960 - 1970,16019601970,0.02413711332142534,0.019447347390450617
1865,MAT_AC,200.0,2016-02-29 00:00:00,1965-01-01,51.0,160 - 300,1960 - 1970,16030019601970,0.0067077637583175835,0.004668884141399624
835,MAT_AC,150.0,2012-05-26 00:00:00,1978-01-01,34.0,0 - 160,1970 - 1980,16019701980,0.021659410197919917,0.019447347390450617
1822,MAT_AC,100.0,2016-08-17 00:00:00,1960-01-01,56.0,0 - 160,1960 - 1970,16019601970,0.02413711332142534,0.019447347390450617
705,MAT_AC,100.0,2012-05-16 00:00:00,1955-01-01,57.0,0 - 160,1950 - 1960,16019501960,0.023593731428492856,0.019447347390450617
1868,MAT_AC,100.0,2016-01-17 00:00:00,1965-01-01,51.0,0 - 160,1960 - 1970,16019601970,0.02413711332142534,0.019447347390450617
1301,MAT_AC,100.0,2014-05-07 00:00:00,1960-01-01,54.0,0 - 160,1960 - 1970,16019601970,0.02413711332142534,0.019447347390450617
1280,MAT_AC,150.0,2014-07-23 00:00:00,1973-01-01,41.0,0 - 160,1970 - 1980,16019701980,0.021659410197919917,0.019447347390450617
2298,MAT_AC,150.0,2019-02-26 00:00:00,1964-01-01,55.0,0 - 160,1960 - 1970,16019601970,0.02413711332142534,0.019447347390450617
746,MAT_AC,100.0,2012-09-04 00:00:00,1964-01-01,48.0,0 - 160,1960 - 1970,16019601970,0.02413711332142534,0.019447347390450617
540,MAT_AC,150.0,2011-11-26 00:00:00,1974-01-01,37.0,0 - 160,1970 - 1980,16019701980,0.021659410197919917,0.019447347390450617
414,MAT_AC,200.0,2011-04-24 00:00:00,1961-01-01,50.0,160 - 300,1960 - 1970,16030019601970,0.0067077637583175835,0.004668884141399624
1526,MAT_AC,100.0,2015-11-12 00:00:00,1987-01-01,28.0,0 - 160,1980 - 1990,16019801990,0.009499218931547145,0.019447347390450617
1873,MAT_AC,100.0,2016-11-28 00:00:00,1961-01-01,55.0,0 - 160,1960 - 1970,16019601970,0.02413711332142534,0.019447347390450617
1130,MAT_AC,100.0,2013-09-23 00:00:00,1964-01-01,49.0,0 - 160,1960 - 1970,16019601970,0.02413711332142534,0.019447347390450617
1823,MAT_AC,150.0,2016-04-20 00:00:00,1960-01-01,56.0,0 - 160,1960 - 1970,16019601970,0.02413711332142534,0.019447347390450617
1342,MAT_AC,100.0,2014-06-04 00:00:00,1957-01-01,57.0,0 - 160,1950 - 1960,16019501960,0.023593731428492856,0.019447347390450617
2104,MAT_AC,200.0,2018-06-26 00:00:00,1959-01-01,59.0,160 - 300,1950 - 1960,16030019501960,0.007169865387818386,0.004668884141399624
1971,MAT_AC,100.0,2017-07-19 00:00:00,1964-01-01,53.0,0 - 160,1960 - 1970,16019601970,0.02413711332142534,0.019447347390450617
273,MAT_AC,150.0,2010-04-28 00:00:00,1988-01-01,22.0,0 - 160,1980 - 1990,16019801990,0.009499218931547145,0.019447347390450617
1548,MAT_AC,150.0,2015-03-24 00:00:00,1961-01-01,54.0,0 - 160,1960 - 1970,16019601970,0.02413711332142534,0.019447347390450617
1105,MAT_AC,100.0,2013-03-31 00:00:00,1969-01-01,44.0,0 - 160,1960 - 1970,16019601970,0.02413711332142534,0.019447347390450617
7,MAT_AC,160.0,2010-11-19 00:00:00,1963-01-01,47.0,160 - 300,1960 - 1970,16030019601970,0.0067077637583175835,0.004668884141399624
2156,MAT_AC,100.0,2018-12-18 00:00:00,1989-01-01,29.0,0 - 160,1980 - 1990,16019801990,0.009499218931547145,0.019447347390450617
1542,MAT_AC,100.0,2015-04-02 00:00:00,1967-01-01,48.0,0 - 160,1960 - 1970,16019601970,0.02413711332142534,0.019447347390450617
210,MAT_AC,100.0,2010-09-04 00:00:00,1964-01-01,46.0,0 - 160,1960 - 1970,16019601970,0.02413711332142534,0.019447347390450617
549,MAT_AC,100.0,2011-05-20 00:00:00,1987-01-01,24.0,0 - 160,1980 - 1990,16019801990,0.009499218931547145,0.019447347390450617
86,MAT_AC,150.0,2010-12-08 00:00:00,1955-01-01,55.0,0 - 160,1950 - 1960,16019501960,0.023593731428492856,0.019447347390450617
1994,MAT_AC,125.0,2017-02-24 00:00:00,1960-01-01,57.0,0 - 160,1960 - 1970,16019601970,0.02413711332142534,0.019447347390450617
1424,MAT_AC,100.0,2014-05-01 00:00:00,1974-01-01,40.0,0 - 160,1970 - 1980,16019701980,0.021659410197919917,0.019447347390450617
1196,MAT_AC,150.0,2014-07-02 00:00:00,1964-01-01,50.0,0 - 160,1960 - 1970,16019601970,0.02413711332142534,0.019447347390450617
1279,MAT_AC,100.0,2014-02-18 00:00:00,1947-01-01,67.0,0 - 160,1940 - 1950,16019401950,0.03147109930130199,0.019447347390450617
1037,MAT_AC,100.0,2013-11-29 00:00:00,1964-01-01,49.0,0 - 160,1960 - 1970,16019601970,0.02413711332142534,0.019447347390450617
235,MAT_AC,100.0,2010-07-15 00:00:00,1960-01-01,50.0,0 - 160,1960 - 1970,16019601970,0.02413711332142534,0.019447347390450617
973,MAT_AC,100.0,2013-03-08 00:00:00,1954-01-01,59.0,0 - 160,1950 - 1960,16019501960,0.023593731428492856,0.019447347390450617
1547,MAT_AC,150.0,2015-12-30 00:00:00,1957-01-01,58.0,0 - 160,1950 - 1960,16019501960,0.023593731428492856,0.019447347390450617
990,MAT_AC,100.0,2013-10-10 00:00:00,1972-01-01,41.0,0 - 160,1970 - 1980,16019701980,0.021659410197919917,0.019447347390450617
1995,MAT_AC,150.0,2017-07-23 00:00:00,1971-01-01,46.0,0 - 160,1970 - 1980,16019701980,0.021659410197919917,0.019447347390450617
685,MAT_AC,150.0,2012-06-15 00:00:00,1953-01-01,59.0,0 - 160,1950 - 1960,16019501960,0.023593731428492856,0.019447347390450617
26,MAT_AC,100.0,2010-07-10 00:00:00,1947-01-01,63.0,0 - 160,1940 - 1950,16019401950,0.03147109930130199,0.019447347390450617
893,MAT_AC,80.0,2013-06-24 00:00:00,1957-01-01,56.0,0 - 160,1950 - 1960,16019501960,0.023593731428492856,0.019447347390450617
1613,MAT_AC,100.0,2015-12-18 00:00:00,1983-01-01,32.0,0 - 160,1980 - 1990,16019801990,0.009499218931547145,0.019447347390450617
1103,MAT_AC,200.0,2013-03-22 00:00:00,1935-01-01,78.0,160 - 300,1930 - 1940,16030019301940,0.012121784682335806,0.004668884141399624
764,MAT_AC,100.0,2012-08-27 00:00:00,1958-01-01,54.0,0 - 160,1950 - 1960,16019501960,0.023593731428492856,0.019447347390450617
426,MAT_AC,100.0,2011-11-29 00:00:00,1974-01-01,37.0,0 - 160,1970 - 1980,16019701980,0.021659410197919917,0.019447347390450617
2141,MAT_AC,100.0,2018-11-06 00:00:00,1972-01-01,46.0,0 - 160,1970 - 1980,16019701980,0.021659410197919917,0.019447347390450617
2286,MAT_AC,100.0,2019-03-05 00:00:00,1991-01-01,28.0,0 - 160,1990 - 2000,16019902000,0.010718391292134262,0.019447347390450617
1724,MAT_AC,100.0,2016-03-19 00:00:00,1954-01-01,62.0,0 - 160,1950 - 1960,16019501960,0.023593731428492856,0.019447347390450617
2092,MAT_AC,100.0,2018-06-18 00:00:00,1980-01-01,38.0,0 - 160,1980 - 1990,16019801990,0.009499218931547145,0.019447347390450617
1366,MAT_AC,100.0,2014-10-20 00:00:00,1957-01-01,57.0,0 - 160,1950 - 1960,16019501960,0.023593731428492856,0.019447347390450617
2256,MAT_AC,125.0,2019-03-21 00:00:00,1961-01-01,58.0,0 - 160,1960 - 1970,16019601970,0.02413711332142534,0.019447347390450617
1413,MAT_AC,100.0,2014-07-26 00:00:00,1990-01-01,24.0,0 - 160,1990 - 2000,16019902000,0.010718391292134262,0.019447347390450617
2124,MAT_AC,100.0,2018-12-27 00:00:00,1963-01-01,55.0,0 - 160,1960 - 1970,16019601970,0.02413711332142534,0.019447347390450617
690,MAT_AC,200.0,2012-07-23 00:00:00,1959-01-01,53.0,160 - 300,1950 - 1960,16030019501960,0.007169865387818386,0.004668884141399624
1549,MAT_AC,100.0,2015-02-11 00:00:00,1964-01-01,51.0,0 - 160,1960 - 1970,16019601970,0.02413711332142534,0.019447347390450617
1543,MAT_AC,125.0,2015-11-19 00:00:00,1960-01-01,55.0,0 - 160,1960 - 1970,16019601970,0.02413711332142534,0.019447347390450617
1796,MAT_AC,100.0,2016-06-11 00:00:00,1958-01-01,58.0,0 - 160,1950 - 1960,16019501960,0.023593731428492856,0.019447347390450617
506,MAT_AC,200.0,2011-01-04 00:00:00,1979-01-01,32.0,160 - 300,1970 - 1980,16030019701980,0.004327175435392872,0.004668884141399624
2014,MAT_AC,100.0,2017-08-01 00:00:00,1973-01-01,44.0,0 - 160,1970 - 1980,16019701980,0.021659410197919917,0.019447347390450617
1819,MAT_AC,100.0,2016-08-28 00:00:00,1954-01-01,62.0,0 - 160,1950 - 1960,16019501960,0.023593731428492856,0.019447347390450617
1341,MAT_AC,100.0,2014-09-18 00:00:00,1956-01-01,58.0,0 - 160,1950 - 1960,16019501960,0.023593731428492856,0.019447347390450617
1787,MAT_AC,100.0,2016-01-12 00:00:00,1974-01-01,42.0,0 - 160,1970 - 1980,16019701980,0.021659410197919917,0.019447347390450617
1430,MAT_AC,250.0,2014-08-09 00:00:00,1986-01-01,28.0,160 - 300,1980 - 1990,16030019801990,0.003549969875818495,0.004668884141399624
155,MAT_AC,50.0,2010-08-20 00:00:00,1961-01-01,49.0,0 - 160,1960 - 1970,16019601970,0.02413711332142534,0.019447347390450617
1335,MAT_AC,200.0,2014-03-06 00:00:00,1972-01-01,42.0,160 - 300,1970 - 1980,16030019701980,0.004327175435392872,0.004668884141399624
1540,MAT_AC,100.0,2015-09-23 00:00:00,1985-01-01,30.0,0 - 160,1980 - 1990,16019801990,0.009499218931547145,0.019447347390450617
2169,MAT_AC,100.0,2018-12-18 00:00:00,1964-01-01,54.0,0 - 160,1960 - 1970,16019601970,0.02413711332142534,0.019447347390450617
1911,MAT_AC,100.0,2017-09-20 00:00:00,1962-01-01,55.0,0 - 160,1960 - 1970,16019601970,0.02413711332142534,0.019447347390450617
707,MAT_AC,100.0,2012-07-16 00:00:00,1952-01-01,60.0,0 - 160,1950 - 1960,16019501960,0.023593731428492856,0.019447347390450617
43,MAT_AC,100.0,2010-07-09 00:00:00,1947-01-01,63.0,0 - 160,1940 - 1950,16019401950,0.03147109930130199,0.019447347390450617
891,MAT_AC,100.0,2013-06-05 00:00:00,1975-01-01,38.0,0 - 160,1970 - 1980,16019701980,0.021659410197919917,0.019447347390450617
1296,MAT_AC,100.0,2014-08-26 00:00:00,1984-01-01,30.0,0 - 160,1980 - 1990,16019801990,0.009499218931547145,0.019447347390450617
410,MAT_AC,125.0,2011-03-10 00:00:00,1963-01-01,48.0,0 - 160,1960 - 1970,16019601970,0.02413711332142534,0.019447347390450617
771,MAT_AC,125.0,2012-08-18 00:00:00,1955-01-01,57.0,0 - 160,1950 - 1960,16019501960,0.023593731428492856,0.019447347390450617
509,MAT_AC,100.0,2011-02-27 00:00:00,1959-01-01,52.0,0 - 160,1950 - 1960,16019501960,0.023593731428492856,0.019447347390450617
1099,MAT_AC,100.0,2013-06-10 00:00:00,1987-01-01,26.0,0 - 160,1980 - 1990,16019801990,0.009499218931547145,0.019447347390450617
2062,MAT_AC,150.0,2018-06-20 00:00:00,1982-01-01,36.0,0 - 160,1980 - 1990,16019801990,0.009499218931547145,0.019447347390450617
1154,MAT_AC,100.0,2013-06-13 00:00:00,1974-01-01,39.0,0 - 160,1970 - 1980,16019701980,0.021659410197919917,0.019447347390450617
1378,MAT_AC,150.0,2014-03-20 00:00:00,1976-01-01,38.0,0 - 160,1970 - 1980,16019701980,0.021659410197919917,0.019447347390450617
988,MAT_AC,100.0,2013-05-14 00:00:00,1955-01-01,58.0,0 - 160,1950 - 1960,16019501960,0.023593731428492856,0.019447347390450617
1968,MAT_AC,125.0,2017-09-16 00:00:00,1958-01-01,59.0,0 - 160,1950 - 1960,16019501960,0.023593731428492856,0.019447347390450617
877,MAT_AC,100.0,2013-09-30 00:00:00,1938-01-01,75.0,0 - 160,1930 - 1940,16019301940,0.0120901165446888,0.019447347390450617
1750,MAT_AC,100.0,2016-12-10 00:00:00,1955-01-01,61.0,0 - 160,1950 - 1960,16019501960,0.023593731428492856,0.019447347390450617
346,MAT_AC,200.0,2011-06-07 00:00:00,1969-01-01,42.0,160 - 300,1960 - 1970,16030019601970,0.0067077637583175835,0.004668884141399624
1753,MAT_AC,150.0,2016-05-22 00:00:00,1977-01-01,39.0,0 - 160,1970 - 1980,16019701980,0.021659410197919917,0.019447347390450617
2210,MAT_AC,100.0,2019-06-22 00:00:00,1972-01-01,47.0,0 - 160,1970 - 1980,16019701980,0.021659410197919917,0.019447347390450617
258,MAT_AC,150.0,2010-07-19 00:00:00,1954-01-01,56.0,0 - 160,1950 - 1960,16019501960,0.023593731428492856,0.019447347390450617
1052,MAT_AC,100.0,2013-03-24 00:00:00,1969-01-01,44.0,0 - 160,1960 - 1970,16019601970,0.02413711332142534,0.019447347390450617
226,MAT_AC,100.0,2010-02-08 00:00:00,1967-01-01,43.0,0 - 160,1960 - 1970,16019601970,0.02413711332142534,0.019447347390450617
1288,MAT_AC,150.0,2014-08-20 00:00:00,1958-01-01,56.0,0 - 160,1950 - 1960,16019501960,0.023593731428492856,0.019447347390450617
952,MAT_AC,100.0,2013-11-14 00:00:00,1978-01-01,35.0,0 - 160,1970 - 1980,16019701980,0.021659410197919917,0.019447347390450617
585,MAT_AC,100.0,2012-10-17 00:00:00,1957-01-01,55.0,0 - 160,1950 - 1960,16019501960,0.023593731428492856,0.019447347390450617
1319,MAT_AC,150.0,2014-07-06 00:00:00,1963-01-01,51.0,0 - 160,1960 - 1970,16019601970,0.02413711332142534,0.019447347390450617
323,MAT_AC,50.0,2011-06-29 00:00:00,1964-01-01,47.0,0 - 160,1960 - 1970,16019601970,0.02413711332142534,0.019447347390450617
1651,MAT_AC,300.0,2015-03-13 00:00:00,1961-01-01,54.0,300 - 1000,1960 - 1970,300100019601970,0.0034630756924591264,0.0014915573037056083
41,MAT_AC,150.0,2010-01-22 00:00:00,1982-01-01,28.0,0 - 160,1980 - 1990,16019801990,0.009499218931547145,0.019447347390450617
1821,MAT_AC,500.0,2016-12-15 00:00:00,1957-01-01,59.0,300 - 1000,1950 - 1960,300100019501960,0.005585329526455759,0.0014915573037056083
191,MAT_AC,100.0,2010-11-02 00:00:00,1959-01-01,51.0,0 - 160,1950 - 1960,16019501960,0.023593731428492856,0.019447347390450617
279,MAT_AC,100.0,2010-07-01 00:00:00,1972-01-01,38.0,0 - 160,1970 - 1980,16019701980,0.021659410197919917,0.019447347390450617
747,MAT_AC,100.0,2012-07-05 00:00:00,1970-01-01,42.0,0 - 160,1970 - 1980,16019701980,0.021659410197919917,0.019447347390450617
2182,MAT_AC,100.0,2019-10-28 00:00:00,1972-01-01,47.0,0 - 160,1970 - 1980,16019701980,0.021659410197919917,0.019447347390450617
1231,MAT_AC,125.0,2014-08-13 00:00:00,1970-01-01,44.0,0 - 160,1970 - 1980,16019701980,0.021659410197919917,0.019447347390450617
263,MAT_AC,100.0,2010-08-01 00:00:00,1954-01-01,56.0,0 - 160,1950 - 1960,16019501960,0.023593731428492856,0.019447347390450617
